PRAGMA foreign_keys=OFF;
BEGIN TRANSACTION;
CREATE TABLE AbilityList(AbilityID integer,AbilityName TEXT,AbilityPower integer,AbilityType integer,AbilityTextID integer,ConfigID integer);
INSERT INTO "AbilityList" VALUES(0,'なし',0,0,0,0);
INSERT INTO "AbilityList" VALUES(1,'追撃',20,1,1,43);
INSERT INTO "AbilityList" VALUES(2,'奇跡の盾',10,2,2,44);
INSERT INTO "AbilityList" VALUES(3,'見えざる鎧',20,2,3,45);
INSERT INTO "AbilityList" VALUES(4,'回避力アップ',5,3,4,46);
INSERT INTO "AbilityList" VALUES(5,'即死攻撃',2,4,5,70);
INSERT INTO "AbilityList" VALUES(6,'必殺の一撃',20,5,6,51);
INSERT INTO "AbilityList" VALUES(7,'炎の戦槍',30,7,7,69);
INSERT INTO "AbilityList" VALUES(8,'速射',10,6,8,78);
INSERT INTO "AbilityList" VALUES(9,'癒しの小奇跡',500,8,9,40);
INSERT INTO "AbilityList" VALUES(10,'癒しの奇跡',700,8,10,41);
INSERT INTO "AbilityList" VALUES(11,'全員の攻撃力アップ【小】',2,9,11,13);
INSERT INTO "AbilityList" VALUES(12,'全員の攻撃力アップ【中】',5,9,12,14);
INSERT INTO "AbilityList" VALUES(13,'全員の防御力アップ【小】',2,10,13,16);
INSERT INTO "AbilityList" VALUES(14,'全員の防御力アップ【中】',5,10,14,17);
INSERT INTO "AbilityList" VALUES(15,'全員の防御力アップ【大】',7,10,15,18);
INSERT INTO "AbilityList" VALUES(16,'全員の最大HPアップ【小】',3,11,16,9);
INSERT INTO "AbilityList" VALUES(17,'全員の最大HPアップ【中】',10,11,17,10);
INSERT INTO "AbilityList" VALUES(18,'出撃コストアップ',2,12,18,99);
INSERT INTO "AbilityList" VALUES(19,'魔法優先',0,13,19,75);
INSERT INTO "AbilityList" VALUES(20,'射撃優先',0,14,20,76);
INSERT INTO "AbilityList" VALUES(21,'状態異常無効',0,15,21,100);
INSERT INTO "AbilityList" VALUES(22,'聖霊との友情',3,16,22,149);
INSERT INTO "AbilityList" VALUES(23,'トレジャーハント【宝石】',4,17,23,141);
INSERT INTO "AbilityList" VALUES(24,'トレジャーハント【酒】',4,18,24,143);
INSERT INTO "AbilityList" VALUES(25,'トレジャーハント【魔水晶】',5,19,25,145);
INSERT INTO "AbilityList" VALUES(26,'ゴールドゲット！',20,20,26,74);
INSERT INTO "AbilityList" VALUES(27,'射程アップⅠ',15,21,27,61);
INSERT INTO "AbilityList" VALUES(28,'射程アップⅡ',30,21,28,62);
INSERT INTO "AbilityList" VALUES(29,'魔法耐性',10,22,29,72);
INSERT INTO "AbilityList" VALUES(30,'出撃コスト減少',1,23,30,101);
INSERT INTO "AbilityList" VALUES(31,'貫通攻撃',15,7,31,68);
INSERT INTO "AbilityList" VALUES(32,'居合い',0,24,32,0);
INSERT INTO "AbilityList" VALUES(33,'攻撃速度アップ',0,24,33,0);
INSERT INTO "AbilityList" VALUES(34,'ウィッチの攻撃力アップ',7,1000,34,20);
INSERT INTO "AbilityList" VALUES(35,'メイジの攻撃力アップ',7,1001,35,21);
INSERT INTO "AbilityList" VALUES(36,'ヘビーアーマーの防御力アップ',5,1002,36,27);
INSERT INTO "AbilityList" VALUES(37,'ワルキューレの攻撃力アップ',7,1003,37,22);
INSERT INTO "AbilityList" VALUES(38,'サムライ、忍者の攻撃力アップ',7,1004,38,23);
INSERT INTO "AbilityList" VALUES(39,'山賊の攻撃力アップ',5,1005,39,26);
INSERT INTO "AbilityList" VALUES(40,'モンクの攻撃力アップ',7,1006,40,24);
INSERT INTO "AbilityList" VALUES(41,'アーチャーの攻撃力アップ',7,1007,41,25);
INSERT INTO "AbilityList" VALUES(42,'サムライの防御力アップ',5,1008,42,28);
INSERT INTO "AbilityList" VALUES(43,'パワーアタック',135,25,43,59);
INSERT INTO "AbilityList" VALUES(44,'狙撃',60,21,44,63);
INSERT INTO "AbilityList" VALUES(45,'魔法の精髄・白',40,21,45,64);
INSERT INTO "AbilityList" VALUES(46,'魔法の精髄・黒',-40,21,46,65);
INSERT INTO "AbilityList" VALUES(47,'体力アップ',120,27,47,60);
INSERT INTO "AbilityList" VALUES(48,'極・非情の刃',300,28,48,103);
INSERT INTO "AbilityList" VALUES(49,'クイックドロウ',0,24,49,0);
INSERT INTO "AbilityList" VALUES(50,'高速詠唱',0,24,50,0);
INSERT INTO "AbilityList" VALUES(51,'聖霊との友情',2,16,51,148);
INSERT INTO "AbilityList" VALUES(52,'豊穣の杖',10,1100,52,173);
INSERT INTO "AbilityList" VALUES(53,'ソルジャーの攻撃力アップ',7,1009,53,29);
INSERT INTO "AbilityList" VALUES(54,'オートリジェネ',4,500,54,88);
INSERT INTO "AbilityList" VALUES(55,'気まぐれ守護天使',7,501,55,108);
INSERT INTO "AbilityList" VALUES(56,'地形効果減少',30,502,56,109);
INSERT INTO "AbilityList" VALUES(57,'天使の癒し',15,503,54,90);
INSERT INTO "AbilityList" VALUES(58,'海賊の攻撃力アップ',7,1010,57,30);
INSERT INTO "AbilityList" VALUES(59,'攻撃力アップ',110,25,58,57);
INSERT INTO "AbilityList" VALUES(60,'オートヒール',16,500,59,91);
INSERT INTO "AbilityList" VALUES(61,'竜族への攻撃力アップ',120,29,60,1);
INSERT INTO "AbilityList" VALUES(62,'トレジャーハント【宝石】',2,17,61,140);
INSERT INTO "AbilityList" VALUES(63,'トレジャーハント【酒】',2,18,62,142);
INSERT INTO "AbilityList" VALUES(64,'トレジャーハント【魔水晶】',3,19,63,144);
INSERT INTO "AbilityList" VALUES(65,'魔法剣士の攻撃力アップ',7,1011,64,31);
INSERT INTO "AbilityList" VALUES(66,'影矢',15,30,65,79);
INSERT INTO "AbilityList" VALUES(67,'全員の最大HPアップ【大】',14,11,66,11);
INSERT INTO "AbilityList" VALUES(68,'スナップショット',0,24,67,0);
INSERT INTO "AbilityList" VALUES(69,'前衛軍師の防御力アップ',5,1012,68,32);
INSERT INTO "AbilityList" VALUES(70,'回転斬り',30,31,69,113);
INSERT INTO "AbilityList" VALUES(71,'前衛軍師の最大HPアップ',10,1013,70,33);
INSERT INTO "AbilityList" VALUES(72,'飛燕の舞',30,3,71,47);
INSERT INTO "AbilityList" VALUES(73,'魔法抵抗',5,22,72,71);
INSERT INTO "AbilityList" VALUES(74,'騎士姫の導き',5,1014,73,34);
INSERT INTO "AbilityList" VALUES(75,'妖精姫の祝福',1,1015,74,35);
INSERT INTO "AbilityList" VALUES(76,'導きの風',50,1016,75,83);
INSERT INTO "AbilityList" VALUES(77,'戦士の舞',1,505,76,110);
INSERT INTO "AbilityList" VALUES(78,'半月の覚醒',130,32,77,56);
INSERT INTO "AbilityList" VALUES(79,'',0,32,77,0);
INSERT INTO "AbilityList" VALUES(80,'魔剣覚醒',200,33,78,114);
INSERT INTO "AbilityList" VALUES(81,'山賊の最大HPアップ',10,1017,79,36);
INSERT INTO "AbilityList" VALUES(82,'ツインバズーカ',10,34,80,80);
INSERT INTO "AbilityList" VALUES(83,'ラピッドシュート',-40,21,46,66);
INSERT INTO "AbilityList" VALUES(84,'',15,500,54,93);
INSERT INTO "AbilityList" VALUES(85,'太陽の刃',10,35,81,52);
INSERT INTO "AbilityList" VALUES(86,'神剣の鞘',12,506,82,92);
INSERT INTO "AbilityList" VALUES(87,'竜族への攻撃力アップⅡ',130,29,60,2);
INSERT INTO "AbilityList" VALUES(88,'癒しの炎',10,507,83,94);
INSERT INTO "AbilityList" VALUES(89,'称号特性付与',0,1018,84,0);
INSERT INTO "AbilityList" VALUES(90,'寒冷適応（攻撃力）',10,36,85,87);
INSERT INTO "AbilityList" VALUES(91,'寒冷適応（コスト）',1,37,86,86);
INSERT INTO "AbilityList" VALUES(92,'エナジードレイン',2,38,87,106);
INSERT INTO "AbilityList" VALUES(93,'サクリファイス',50,39,88,105);
INSERT INTO "AbilityList" VALUES(94,'パワーシュート',120,25,43,58);
INSERT INTO "AbilityList" VALUES(95,'寒冷適応',0,40,89,85);
INSERT INTO "AbilityList" VALUES(96,'天使の小癒し',10,503,54,89);
INSERT INTO "AbilityList" VALUES(97,'六文銭の赤備え',5,1019,90,37);
INSERT INTO "AbilityList" VALUES(98,'クイックキャスト',-30,21,46,67);
INSERT INTO "AbilityList" VALUES(99,'打ち出の小槌',5,1020,91,38);
INSERT INTO "AbilityList" VALUES(100,'ホーリーエンチャント',20,41,92,82);
INSERT INTO "AbilityList" VALUES(101,'物理攻撃回避',25,3,93,48);
INSERT INTO "AbilityList" VALUES(102,'金運招来',15,1100,52,174);
INSERT INTO "AbilityList" VALUES(103,'呪殺',8,42,94,107);
INSERT INTO "AbilityList" VALUES(104,'ベテランの指南',0,40,95,0);
INSERT INTO "AbilityList" VALUES(105,'癒しの大奇跡',900,8,96,42);
INSERT INTO "AbilityList" VALUES(106,'ミラージュダンス',50,3,97,49);
INSERT INTO "AbilityList" VALUES(107,'ヘビーシールド',115,26,98,54);
INSERT INTO "AbilityList" VALUES(108,'グレートシールド',125,26,99,55);
INSERT INTO "AbilityList" VALUES(109,'魔法防壁',5,1021,100,39);
INSERT INTO "AbilityList" VALUES(110,'浄化の光',20,43,101,81);
INSERT INTO "AbilityList" VALUES(111,'侍女の忠誠（カグヤ）',191,1022,102,111);
INSERT INTO "AbilityList" VALUES(112,'全員の攻撃力アップ【大】',7,9,103,15);
INSERT INTO "AbilityList" VALUES(113,'狐化かし',20,3,104,50);
INSERT INTO "AbilityList" VALUES(114,'侍女の献身（カグヤ）',191,1022,105,112);
INSERT INTO "AbilityList" VALUES(115,'封妖手裏剣',130,44,106,3);
INSERT INTO "AbilityList" VALUES(116,'封妖手裏剣・真打',140,44,107,4);
INSERT INTO "AbilityList" VALUES(117,'竜巫女の祝福',5,1023,108,12);
INSERT INTO "AbilityList" VALUES(118,'真竜の鱗',20,22,109,73);
INSERT INTO "AbilityList" VALUES(119,'魔力調律',5,1024,110,8);
INSERT INTO "AbilityList" VALUES(120,'再生の炎',12,508,111,95);
INSERT INTO "AbilityList" VALUES(121,'ヘビーアーマーの攻撃力アップ',7,1025,112,19);
INSERT INTO "AbilityList" VALUES(122,'ターンアンデッド',0,45,113,5);
INSERT INTO "AbilityList" VALUES(123,'速攻の号令',0,46,114,6);
INSERT INTO "AbilityList" VALUES(124,'疾風の号令',0,46,114,7);
INSERT INTO "AbilityList" VALUES(125,'ミスリルアームズ',0,53,115,53);
INSERT INTO "AbilityList" VALUES(126,'ミラクルダイエット',0,84,116,84);
INSERT INTO "AbilityList" VALUES(127,'非情の刃',150,28,117,102);
INSERT INTO "AbilityList" VALUES(128,'導きのそよ風',0,96,119,96);
INSERT INTO "AbilityList" VALUES(129,'罪滅の光',20,39,118,104);
INSERT INTO "AbilityList" VALUES(130,'妖精姫の祈り',0,97,120,97);
INSERT INTO "AbilityList" VALUES(131,'魔力供給',0,98,121,98);
INSERT INTO "AbilityList" VALUES(132,'クイックドロウ【小】',0,24,122,0);
INSERT INTO "AbilityList" VALUES(133,'攻撃速度アップ【小】',0,24,123,0);
INSERT INTO "AbilityList" VALUES(134,'ソルジャーの最大HPアップ',0,136,124,136);
INSERT INTO "AbilityList" VALUES(135,'撤退支援',0,137,125,137);
INSERT INTO "AbilityList" VALUES(136,'防御力アップ',0,138,126,138);
INSERT INTO "AbilityList" VALUES(137,'カロネード砲',0,139,127,139);
INSERT INTO "AbilityList" VALUES(138,'鎧狩り',0,140,128,146);
INSERT INTO "AbilityList" VALUES(139,'超鎧狩り',0,141,129,147);
INSERT INTO "AbilityList" VALUES(140,'ドラゴンフォース',0,150,130,150);
INSERT INTO "AbilityList" VALUES(141,'トークン所持数アップ',0,151,131,151);
INSERT INTO "AbilityList" VALUES(142,'禁断の呪法',0,152,132,152);
INSERT INTO "AbilityList" VALUES(143,'射撃指揮',0,153,133,153);
INSERT INTO "AbilityList" VALUES(144,'シルバーチャージ',0,154,134,154);
INSERT INTO "AbilityList" VALUES(145,'サプライズナイブズ',0,155,135,155);
INSERT INTO "AbilityList" VALUES(146,'魔槍覚醒',0,157,78,157);
INSERT INTO "AbilityList" VALUES(147,'大地の気脈',0,158,136,158);
INSERT INTO "AbilityList" VALUES(148,'トークン所持数アップ【小】',0,159,137,159);
INSERT INTO "AbilityList" VALUES(149,'馬上弓術指南',0,161,138,161);
INSERT INTO "AbilityList" VALUES(150,'ペガサスライダー攻撃アップ',0,162,139,162);
INSERT INTO "AbilityList" VALUES(151,'旋風脚',0,164,69,164);
INSERT INTO "AbilityList" VALUES(152,'獣王爪大旋風',0,165,140,165);
INSERT INTO "AbilityList" VALUES(153,'侍女の忠誠（術士）',0,166,141,166);
INSERT INTO "AbilityList" VALUES(154,'侍女の献身（術士）',0,167,142,167);
INSERT INTO "AbilityList" VALUES(155,'ヒーラーの攻撃力アップ',0,168,143,168);
INSERT INTO "AbilityList" VALUES(156,'難攻不落の要塞',0,169,144,169);
INSERT INTO "AbilityList" VALUES(157,'ジュラシックパワー',0,171,145,171);
INSERT INTO "AbilityList" VALUES(158,'シールドブースト',0,172,146,172);
INSERT INTO "AbilityList" VALUES(159,'戦意高揚',0,175,147,175);
INSERT INTO "AbilityList" VALUES(160,'魔神転生',0,177,148,177);
INSERT INTO "AbilityList" VALUES(161,'入滅転生波動',0,170,149,170);
INSERT INTO "AbilityList" VALUES(162,'騎士隊長の号令',0,178,150,178);
INSERT INTO "AbilityList" VALUES(163,'騎士団長の号令',0,179,151,179);
INSERT INTO "AbilityList" VALUES(164,'看板娘の勧誘',0,181,152,181);
INSERT INTO "AbilityList" VALUES(165,'小悪魔の客引き',0,182,153,182);
INSERT INTO "AbilityList" VALUES(166,'侍女の忠誠（無法者）',0,190,154,190);
INSERT INTO "AbilityList" VALUES(167,'侍女の献身（無法者）',0,191,155,191);
INSERT INTO "AbilityList" VALUES(168,'虹水晶変換',0,40,156,0);
INSERT INTO "AbilityList" VALUES(169,'ドルイドの祝福',0,192,157,192);
INSERT INTO "AbilityList" VALUES(170,'妖精の堅陣',0,193,158,193);
INSERT INTO "AbilityList" VALUES(171,'魔戦団長の号令',0,194,159,194);
INSERT INTO "AbilityList" VALUES(172,'聖典の導き',0,195,160,195);
INSERT INTO "AbilityList" VALUES(173,'大羅仙',0,196,161,196);
INSERT INTO "AbilityList" VALUES(174,'心猿',0,197,162,197);
INSERT INTO "AbilityList" VALUES(175,'九尾の狐',0,198,163,198);
INSERT INTO "AbilityList" VALUES(176,'白面金毛九尾の狐',0,199,164,199);
INSERT INTO "AbilityList" VALUES(177,'断末魔の呪い',0,200,165,200);
INSERT INTO "AbilityList" VALUES(178,'ハイネクロマンシー',0,201,166,201);
INSERT INTO "AbilityList" VALUES(179,'付与範囲拡大',0,202,167,202);
INSERT INTO "AbilityList" VALUES(180,'スクランブルゴーレム',0,203,168,203);
INSERT INTO "AbilityList" VALUES(181,'コルセアの強襲',0,204,169,204);
INSERT INTO "AbilityList" VALUES(182,'スピリットブースト',0,206,170,206);
INSERT INTO "AbilityList" VALUES(183,'強化魔導鎧',0,207,171,207);
INSERT INTO "AbilityList" VALUES(184,'完全不死',0,208,172,208);
INSERT INTO "AbilityList" VALUES(185,'妖怪緊縛陣',0,209,173,209);
INSERT INTO "AbilityList" VALUES(186,'妖怪緊縛陣・剛',0,210,174,210);
INSERT INTO "AbilityList" VALUES(187,'聖矢の祝福',0,211,175,211);
INSERT INTO "AbilityList" VALUES(188,'侍女の忠誠（王子・姫）',0,212,176,212);
INSERT INTO "AbilityList" VALUES(189,'侍女の献身（王子・姫）',0,213,177,213);
INSERT INTO "AbilityList" VALUES(190,'デーモンキラーⅠ',0,214,178,214);
INSERT INTO "AbilityList" VALUES(191,'デーモンキラーⅡ',0,215,179,215);
INSERT INTO "AbilityList" VALUES(192,'帝国軍師の号令',0,216,180,216);
INSERT INTO "AbilityList" VALUES(193,'天使長の号令',0,217,181,217);
INSERT INTO "AbilityList" VALUES(194,'ゴールドゲットプラス',0,218,182,218);
INSERT INTO "AbilityList" VALUES(195,'未来の天才召喚士',0,219,183,219);
INSERT INTO "AbilityList" VALUES(196,'出撃コスト減少',0,220,30,220);
INSERT INTO "AbilityList" VALUES(197,'時空干渉',0,221,184,221);
INSERT INTO "AbilityList" VALUES(198,'身代わり',0,222,0,222);
INSERT INTO "AbilityList" VALUES(199,'スピリットブーストⅡ',0,223,185,223);
INSERT INTO "AbilityList" VALUES(200,'避禍予見の鏡影',0,40,186,0);
INSERT INTO "AbilityList" VALUES(201,'エルフの隠れ身',0,224,187,224);
INSERT INTO "AbilityList" VALUES(202,'火力支援指揮',0,225,188,225);
INSERT INTO "AbilityList" VALUES(203,'闇染の刃',0,227,189,227);
INSERT INTO "AbilityList" VALUES(204,'魔獣調教Ⅰ',0,228,190,228);
INSERT INTO "AbilityList" VALUES(205,'魔獣調教Ⅱ',0,229,191,229);
INSERT INTO "AbilityList" VALUES(206,'生還の祈り',0,230,192,230);
INSERT INTO "AbilityList" VALUES(207,'英霊の守り手',0,231,193,231);
INSERT INTO "AbilityList" VALUES(208,'戦う機甲技師',0,233,194,233);
INSERT INTO "AbilityList" VALUES(209,'ヘビーバレル',0,234,195,234);
INSERT INTO "AbilityList" VALUES(210,'エンジェル特攻',0,235,196,235);
INSERT INTO "AbilityList" VALUES(211,'ウィッチガーデン',0,236,197,236);
INSERT INTO "AbilityList" VALUES(212,'一等航海士の指揮',0,237,198,237);
INSERT INTO "AbilityList" VALUES(213,'防御力魔法耐性アップ【男】',0,238,199,238);
INSERT INTO "AbilityList" VALUES(214,'純血のダークエルフ',0,241,200,241);
INSERT INTO "AbilityList" VALUES(215,'森と動物の守り人',0,243,201,243);
INSERT INTO "AbilityList" VALUES(216,'ホークアイ',0,244,202,244);
INSERT INTO "AbilityList" VALUES(217,'ゴブリンキラー',0,245,203,245);
INSERT INTO "AbilityList" VALUES(218,'回復力アップ',0,25,58,57);
INSERT INTO "AbilityList" VALUES(219,'シルバーフルチャージ',0,246,204,246);
INSERT INTO "AbilityList" VALUES(220,'勝利の槍',0,247,205,247);
INSERT INTO "AbilityList" VALUES(221,'輝きの一族',0,248,206,248);
INSERT INTO "AbilityList" VALUES(222,'聖なる祈り',0,249,207,249);
INSERT INTO "AbilityList" VALUES(223,'常闇のダークエルフ',0,250,208,250);
INSERT INTO "AbilityList" VALUES(224,'スチームタンク',0,40,209,0);
INSERT INTO "AbilityList" VALUES(225,'プリズムミラー',0,40,210,0);
CREATE TABLE AbilityText(AbilityTextID integer,AbilityText TEXT);
INSERT INTO "AbilityText" VALUES(0,'');
INSERT INTO "AbilityText" VALUES(1,'20％の確率で攻撃後の硬直なしで次の攻撃を出す');
INSERT INTO "AbilityText" VALUES(2,'15％の確率で敵の攻撃を完全に無効化する');
INSERT INTO "AbilityText" VALUES(3,'25％の確率で敵の攻撃を完全に無効化する');
INSERT INTO "AbilityText" VALUES(4,'回避の確率が5％上昇');
INSERT INTO "AbilityText" VALUES(5,'通常攻撃でごくまれに敵を一撃で倒すことがある');
INSERT INTO "AbilityText" VALUES(6,'20％の確率で攻撃力が1.8倍の強力な攻撃を出す');
INSERT INTO "AbilityText" VALUES(7,'30％の確率で防御力、魔法耐性無視の攻撃を出せる');
INSERT INTO "AbilityText" VALUES(8,'10％の確率で3連射して攻撃する');
INSERT INTO "AbilityText" VALUES(9,'ユニットを配置した瞬間に全員のHPを小回復');
INSERT INTO "AbilityText" VALUES(10,'ユニットを配置した瞬間に全員のHPを回復');
INSERT INTO "AbilityText" VALUES(11,'出撃メンバーにいるだけで全員の攻撃力が2％上昇');
INSERT INTO "AbilityText" VALUES(12,'出撃メンバーにいるだけで全員の攻撃力が5％上昇');
INSERT INTO "AbilityText" VALUES(13,'出撃メンバーにいるだけで全員の防御力が2％上昇');
INSERT INTO "AbilityText" VALUES(14,'出撃メンバーにいるだけで全員の防御力が5％上昇');
INSERT INTO "AbilityText" VALUES(15,'出撃メンバーにいるだけで全員の防御力が7％上昇');
INSERT INTO "AbilityText" VALUES(16,'出撃メンバーにいるだけで全員のHPが3％上昇');
INSERT INTO "AbilityText" VALUES(17,'出撃メンバーにいるだけで全員のHPが10％上昇');
INSERT INTO "AbilityText" VALUES(18,'出撃メンバーにいるだけで初期出撃コストが+2');
INSERT INTO "AbilityText" VALUES(19,'魔法を使う敵を優先的に狙って攻撃する');
INSERT INTO "AbilityText" VALUES(20,'飛び道具を持つ敵を優先的に狙って攻撃する');
INSERT INTO "AbilityText" VALUES(21,'毒、状態異常を完全に無効化することができる');
INSERT INTO "AbilityText" VALUES(22,'出撃メンバーにいるだけで聖霊のドロップ率が4％アップ');
INSERT INTO "AbilityText" VALUES(23,'出撃メンバーにいるだけで女性好感度上昇アイテムのドロップ率が5％アップ');
INSERT INTO "AbilityText" VALUES(24,'出撃メンバーにいるだけで男性信頼度上昇アイテムのドロップ率が5％アップ');
INSERT INTO "AbilityText" VALUES(25,'出撃メンバーにいるだけで魔水晶のドロップ率が6％アップ');
INSERT INTO "AbilityText" VALUES(26,'敵を倒すとまれにゴールドを入手することができる');
INSERT INTO "AbilityText" VALUES(27,'射程+15');
INSERT INTO "AbilityText" VALUES(28,'射程+30');
INSERT INTO "AbilityText" VALUES(29,'魔法耐性+10');
INSERT INTO "AbilityText" VALUES(30,'出撃コストが-1');
INSERT INTO "AbilityText" VALUES(31,'15％の確率で防御力、魔法耐性無視の攻撃を出せる');
INSERT INTO "AbilityText" VALUES(32,'攻撃発生までの時間を常に少し短縮する');
INSERT INTO "AbilityText" VALUES(33,'攻撃発生後のスキを常に少し短縮する');
INSERT INTO "AbilityText" VALUES(34,'出撃メンバーにいるだけで全ウィッチ系クラスの攻撃力が7％上昇');
INSERT INTO "AbilityText" VALUES(35,'出撃メンバーにいるだけで全メイジ系クラスの攻撃力が7％上昇');
INSERT INTO "AbilityText" VALUES(36,'出撃メンバーにいるだけで全ヘビーアーマー系クラスの防御力が5％上昇');
INSERT INTO "AbilityText" VALUES(37,'出撃メンバーにいるだけで全ワルキューレ系クラスの攻撃力が7％上昇');
INSERT INTO "AbilityText" VALUES(38,'出撃メンバーにいるだけで全サムライ、忍者系クラスの攻撃力が7％上昇');
INSERT INTO "AbilityText" VALUES(39,'出撃メンバーにいるだけで全バンデッド系クラスの攻撃力が5％上昇');
INSERT INTO "AbilityText" VALUES(40,'出撃メンバーにいるだけで全モンク系クラスの攻撃力が7％上昇');
INSERT INTO "AbilityText" VALUES(41,'出撃メンバーにいるだけで全アーチャー系クラスの攻撃力が7％上昇');
INSERT INTO "AbilityText" VALUES(42,'出撃メンバーにいるだけで全サムライ系クラスの防御力が5％上昇');
INSERT INTO "AbilityText" VALUES(43,'攻撃速度が下がる代わりに攻撃力が上昇する');
INSERT INTO "AbilityText" VALUES(44,'攻撃速度が下がる代わりに射程が長くなる');
INSERT INTO "AbilityText" VALUES(45,'攻撃速度が下がる代わりに射程が長くなる');
INSERT INTO "AbilityText" VALUES(46,'攻撃速度が上昇する代わりに射程が短くなる');
INSERT INTO "AbilityText" VALUES(47,'HPが大きく上昇する');
INSERT INTO "AbilityText" VALUES(48,'敵を一撃でしとめる確率が　大きく上昇する配置中ローグ系ユニットが死亡した場合、撤退として扱う');
INSERT INTO "AbilityText" VALUES(49,'攻撃発生までの時間を常に少し短縮する');
INSERT INTO "AbilityText" VALUES(50,'攻撃発生までの時間を常に少し短縮する');
INSERT INTO "AbilityText" VALUES(51,'出撃メンバーにいるだけで聖霊のドロップ率が3％アップ');
INSERT INTO "AbilityText" VALUES(52,'ミッションクリア時の報酬Ｇが%d％増加する');
INSERT INTO "AbilityText" VALUES(53,'出撃メンバーにいるだけで全ソルジャー系クラスの攻撃力が%d％上昇');
INSERT INTO "AbilityText" VALUES(54,'スキル非使用時全員のHPが徐々に回復');
INSERT INTO "AbilityText" VALUES(55,'スキル非使用時%d％の確率で味方へのダメージを無効化する');
INSERT INTO "AbilityText" VALUES(56,'地形効果を緩和する');
INSERT INTO "AbilityText" VALUES(57,'出撃メンバーにいるだけで全パイレーツ系クラスの攻撃力が7％上昇');
INSERT INTO "AbilityText" VALUES(58,'攻撃力が上昇する');
INSERT INTO "AbilityText" VALUES(59,'自身のＨＰが徐々に回復（常時）');
INSERT INTO "AbilityText" VALUES(60,'竜族に対する攻撃力が%.1f倍になる');
INSERT INTO "AbilityText" VALUES(61,'出撃メンバーにいるだけで女性好感度上昇アイテムのドロップ率が3％アップ');
INSERT INTO "AbilityText" VALUES(62,'出撃メンバーにいるだけで男性信頼度上昇アイテムのドロップ率が3％アップ');
INSERT INTO "AbilityText" VALUES(63,'出撃メンバーにいるだけで魔水晶のドロップ率が4％アップ');
INSERT INTO "AbilityText" VALUES(64,'出撃メンバーにいるだけで全魔法剣士系クラスの攻撃力が7％上昇');
INSERT INTO "AbilityText" VALUES(65,'20％の確率で矢を２本発射して攻撃する');
INSERT INTO "AbilityText" VALUES(66,'出撃メンバーにいるだけで全員のHPが14％上昇');
INSERT INTO "AbilityText" VALUES(67,'スキル中の攻撃発生までの時間を常に少し短縮する');
INSERT INTO "AbilityText" VALUES(68,'出撃メンバーにいるだけで全前衛軍師系クラスの防御力が5％上昇');
INSERT INTO "AbilityText" VALUES(69,'一定確率で自分の周りの地上の敵全てを同時に攻撃する');
INSERT INTO "AbilityText" VALUES(70,'出撃メンバーにいるだけで全前衛軍師系クラスのHPが10％上昇');
INSERT INTO "AbilityText" VALUES(71,'30％の確率で敵からの物理攻撃を回避する');
INSERT INTO "AbilityText" VALUES(72,'魔法耐性+5');
INSERT INTO "AbilityText" VALUES(73,'出撃メンバーにいるだけでゴールド以下のユニットの攻撃、防御、ＨＰを5％上昇');
INSERT INTO "AbilityText" VALUES(74,'出撃メンバーにいるだけでエルフ(ハーフ、ダーク含)とドワーフの最大ＨＰ15％上昇出撃コスト-1');
INSERT INTO "AbilityText" VALUES(75,'出撃メンバーにいるだけでペガサスライダー系スキルの効果時間が50％増加');
INSERT INTO "AbilityText" VALUES(76,'配置中、近接系ユニットの出撃コスト-1');
INSERT INTO "AbilityText" VALUES(77,'攻撃力と防御力が30％上昇する');
INSERT INTO "AbilityText" VALUES(78,'スキル中に遠距離攻撃できるエンジェル系の敵に対して攻撃力アップ');
INSERT INTO "AbilityText" VALUES(79,'出撃メンバーにいるだけでバンデット系クラスのHPが10％上昇');
INSERT INTO "AbilityText" VALUES(80,'通常攻撃でまれに2連続で砲撃する');
INSERT INTO "AbilityText" VALUES(81,'10％の確率で攻撃力が3倍の攻撃を出す。スキル中は発動率が25％に上昇');
INSERT INTO "AbilityText" VALUES(82,'自身のＨＰが徐々に回復（常時）スキル中は回復量が3倍に上昇');
INSERT INTO "AbilityText" VALUES(83,'スキル中全員のHPを徐々に回復');
INSERT INTO "AbilityText" VALUES(84,'出撃メンバーにいるだけで王子の称号の種類に応じて王子に特殊能力が備わる');
INSERT INTO "AbilityText" VALUES(85,'常に攻撃力が10％上昇吹雪中はさらに10％上昇吹雪の悪影響を受けない');
INSERT INTO "AbilityText" VALUES(86,'常に出撃コストが-1吹雪中はさらに-2吹雪の悪影響を受けない');
INSERT INTO "AbilityText" VALUES(87,'攻撃毎に最大ＨＰの%d％ＨＰが回復する');
INSERT INTO "AbilityText" VALUES(88,'受けたダメージの半分と同じだけ味方のＨＰを回復する');
INSERT INTO "AbilityText" VALUES(89,'吹雪の悪影響を受けない');
INSERT INTO "AbilityText" VALUES(90,'出撃メンバーにいるだけで全近接系ユニットのHP、攻撃、防御が%d％上昇');
INSERT INTO "AbilityText" VALUES(91,'出撃メンバーにいるだけで全近接系ユニットの攻撃力が%d％上昇');
INSERT INTO "AbilityText" VALUES(92,'20％の確率で攻撃力1.8倍の攻撃を出す。アンデッド系またはデーモン系に対しては100％発動');
INSERT INTO "AbilityText" VALUES(93,'25％の確率で敵からの物理攻撃を回避する');
INSERT INTO "AbilityText" VALUES(94,'HPが大きく減っている敵に攻撃やスキルがヒットすれば一撃で倒すことができる');
INSERT INTO "AbilityText" VALUES(95,'合成継承時にクラスを問わず同クラスボーナスがEXPに加算される');
INSERT INTO "AbilityText" VALUES(96,'ユニットを配置した瞬間に全員のHPを大回復');
INSERT INTO "AbilityText" VALUES(97,'50％の確率で敵からの物理攻撃を回避する');
INSERT INTO "AbilityText" VALUES(98,'自身の出撃コスト+2防御力が25％上昇');
INSERT INTO "AbilityText" VALUES(99,'自身の出撃コスト+3防御力が40％上昇');
INSERT INTO "AbilityText" VALUES(100,'出撃メンバーにいるだけで全近接系ユニットの魔法耐性+10');
INSERT INTO "AbilityText" VALUES(101,'20％の確率で攻撃力が1.8倍に上昇。アンデッド系への攻撃時は100％発動');
INSERT INTO "AbilityText" VALUES(102,'出撃メンバーにいるだけで月姫カグヤの出撃コスト-2攻撃、防御が5％上昇');
INSERT INTO "AbilityText" VALUES(103,'出撃メンバーにいるだけで全員の攻撃力が7％上昇');
INSERT INTO "AbilityText" VALUES(104,'敵の物理攻撃を回避する確率が20％上昇');
INSERT INTO "AbilityText" VALUES(105,'出撃メンバーにいるだけで月姫カグヤの出撃コスト-2攻撃、防御が10％上昇');
INSERT INTO "AbilityText" VALUES(106,'妖怪に対する攻撃力が1.3倍になる');
INSERT INTO "AbilityText" VALUES(107,'妖怪に対する攻撃力が1.4倍になる');
INSERT INTO "AbilityText" VALUES(108,'出撃メンバーにいるだけで竜族（ドラゴンライダー系含）のHPと防御が5％上昇');
INSERT INTO "AbilityText" VALUES(109,'魔法耐性+20');
INSERT INTO "AbilityText" VALUES(110,'出撃メンバーにいるだけでメイジ系、ビショップ系、メイジアーマー系、魔法剣士系クラスの攻撃力+5％、コスト-1');
INSERT INTO "AbilityText" VALUES(111,'全員のHPが徐々に回復');
INSERT INTO "AbilityText" VALUES(112,'出撃メンバーにいるだけで全ヘビーアーマー系クラスの攻撃力が7％上昇');
INSERT INTO "AbilityText" VALUES(113,'アンデッドに対する攻撃力が%PA%%SELF%%R00%倍になる');
INSERT INTO "AbilityText" VALUES(114,'出撃メンバーにいるだけでボウライダー系、ワルキューレ系、ペガサスライダー系、ドラゴンライダー系クラスのコスト-%OR%%PT%%00%');
INSERT INTO "AbilityText" VALUES(115,'以下が各々10％の確率で発動・攻撃が1.8倍に上昇・攻撃を完全に無効化する');
INSERT INTO "AbilityText" VALUES(116,'自身のＨＰが20％減少するがコスト-4');
INSERT INTO "AbilityText" VALUES(117,'敵を一撃でしとめる確率が　上昇する');
INSERT INTO "AbilityText" VALUES(118,'受けたダメージの20％と同じだけ味方のＨＰを回復する');
INSERT INTO "AbilityText" VALUES(119,'出撃メンバーにいるだけでペガサスライダー系スキルの効果時間が20％増加');
INSERT INTO "AbilityText" VALUES(120,'出撃メンバーにいるだけでエルフ(ハーフ、ダーク含)、ドワーフの出撃コスト-1');
INSERT INTO "AbilityText" VALUES(121,'出撃メンバーにいるだけでメイジ系、ビショップ系、メイジアーマー系、魔法剣士系クラスの出撃コスト-1');
INSERT INTO "AbilityText" VALUES(122,'攻撃発生までの時間を常にわずかに短縮する');
INSERT INTO "AbilityText" VALUES(123,'攻撃発生後のスキを常にわずかに短縮する');
INSERT INTO "AbilityText" VALUES(124,'出撃メンバーにいるだけで全ソルジャー系クラスのＨＰが10％上昇');
INSERT INTO "AbilityText" VALUES(125,'出撃メンバーにいるだけで全ソルジャー系クラスのＨＰが15％上昇配置中ソルジャー系ユニットが死亡した場合、撤退として扱う');
INSERT INTO "AbilityText" VALUES(126,'防御力が上昇する');
INSERT INTO "AbilityText" VALUES(127,'射程が短くなる代わりに攻撃力が上昇する');
INSERT INTO "AbilityText" VALUES(128,'出撃メンバーにいるだけでプラチナ、ゴールドアーマーのドロップ率+4％');
INSERT INTO "AbilityText" VALUES(129,'出撃メンバーにいるだけでプラチナゴールドアーマードロップ率+7％さらに配置中のみ、全バンデット系クラスの攻撃力+10％');
INSERT INTO "AbilityText" VALUES(130,'出撃メンバーにいるだけで竜族（ドラゴンライダー系含）の攻撃力が7％上昇');
INSERT INTO "AbilityText" VALUES(131,'自身のトークンの所持数+3');
INSERT INTO "AbilityText" VALUES(132,'自身のＨＰが30％減少するが攻撃力と射程が上昇');
INSERT INTO "AbilityText" VALUES(133,'出撃メンバーにいるだけでセーラー系スキルの効果時間が30％増加');
INSERT INTO "AbilityText" VALUES(134,'出撃メンバーにいるだけでレアリティ：シルバーのスキル初回使用までの待ち時間を短縮');
INSERT INTO "AbilityText" VALUES(135,'10％の確率で多数のナイフを投げて攻撃する');
INSERT INTO "AbilityText" VALUES(136,'出撃メンバーにいるだけで全風水使い系クラスの性能上昇・攻撃力+5％・スキルの効果時間+20％');
INSERT INTO "AbilityText" VALUES(137,'自身のトークンの所持数+1');
INSERT INTO "AbilityText" VALUES(138,'出撃メンバーにいるだけで全ボウライダー系クラスの性能上昇・攻撃力+5％・スキルの効果時間+20％');
INSERT INTO "AbilityText" VALUES(139,'出撃メンバーにいるだけで全ペガサスライダー系クラスの攻撃力が7％上昇');
INSERT INTO "AbilityText" VALUES(140,'一定確率で自分の周りの地上の敵全てを同時に攻撃する配置中モンク系ユニットが死亡した場合、撤退として扱う');
INSERT INTO "AbilityText" VALUES(141,'出撃メンバーにいるだけでメイジ：スキル効果時間+20％ビショップ：攻撃力+5％サモナー：コスト-3');
INSERT INTO "AbilityText" VALUES(142,'出撃メンバーにいるだけでメイジ：スキル効果時間+30％ビショップ：攻撃力+7％サモナー：コスト-4');
INSERT INTO "AbilityText" VALUES(143,'出撃メンバーにいるだけで全ヒーラー系クラスの攻撃力が7％上昇');
INSERT INTO "AbilityText" VALUES(144,'出撃メンバーにいるだけで全員の出撃コストが2増加するが防御力が17％上昇');
INSERT INTO "AbilityText" VALUES(145,'自身の出撃コストが2増加するが最大HP/攻撃力/防御力がそれぞれ10％ずつ上昇');
INSERT INTO "AbilityText" VALUES(146,'出撃メンバーにいるだけでソルジャー系、ヘビーアーマー系クラスの防御力+5％、魔法耐性+5');
INSERT INTO "AbilityText" VALUES(147,'配置中、味方全体の攻撃力と防御力が20％上昇');
INSERT INTO "AbilityText" VALUES(148,'自身が死亡または撤退した場合一定時間後に再出撃が可能');
INSERT INTO "AbilityText" VALUES(149,'自身が死亡した時、周囲の敵にダメージを与え動きを止める自身が死亡または撤退した場合一定時間後に再出撃が可能');
INSERT INTO "AbilityText" VALUES(150,'出撃メンバーにいるだけで全ダークファイター系クラスの出撃コスト-2');
INSERT INTO "AbilityText" VALUES(151,'出撃メンバーにいるだけで全ダークファイター系クラスの・出撃コスト-2・スキルの効果時間+30％');
INSERT INTO "AbilityText" VALUES(152,'出撃メンバーにいるだけで聖霊を除くシルバーユニットのドロップ率が3％アップ');
INSERT INTO "AbilityText" VALUES(153,'出撃メンバーにいるだけで聖霊を除くシルバーユニットのドロップ率が5％アップ');
INSERT INTO "AbilityText" VALUES(154,'出撃メンバーにいるだけでバンデット：最大HP+7％ローグ：スキル効果時間+20％');
INSERT INTO "AbilityText" VALUES(155,'バンデット：最大HP+7％ローグ：スキル効果時間+20％パイレーツ：攻撃力+5％シーフ：コスト-1');
INSERT INTO "AbilityText" VALUES(156,'引退時に虹水晶を入手できる');
INSERT INTO "AbilityText" VALUES(157,'自身の出撃コスト-1配置中、生命の木および生命の神木の出撃コスト-1');
INSERT INTO "AbilityText" VALUES(158,'出撃メンバーにいるだけでエルフ(ハーフ、ダーク含)とドワーフの防御力+5％魔法耐性+5');
INSERT INTO "AbilityText" VALUES(159,'配置中、魔法剣士系クラスとメイジアーマー系クラスの攻撃力と防御力が10％上昇');
INSERT INTO "AbilityText" VALUES(160,'配置中、神官戦士系クラスとヒーラー系クラスの攻撃力が10％上昇');
INSERT INTO "AbilityText" VALUES(161,'50％の確率で攻撃後の硬直なしで次の攻撃を出す');
INSERT INTO "AbilityText" VALUES(162,'10％の確率で攻撃力が2倍の攻撃を出す。スキル中は発動率が30％に上昇');
INSERT INTO "AbilityText" VALUES(163,'自身の出撃コスト+1攻撃と防御+10％、魔法耐性+10');
INSERT INTO "AbilityText" VALUES(164,'出撃メンバーにいるだけで妖狐系クラスの出撃コスト+1攻撃と防御+10％、魔法耐性+10');
INSERT INTO "AbilityText" VALUES(165,'自身が死亡した時撤退として扱い、周囲の敵にダメージを与え動きを止める');
INSERT INTO "AbilityText" VALUES(166,'配置中、ネクロマンサー系クラスおよびトークン、ヴァンパイアロード系、ヴァンパイアプリンセス系クラスの攻撃力+15％');
INSERT INTO "AbilityText" VALUES(167,'射程+30攻撃速度がやや低下');
INSERT INTO "AbilityText" VALUES(168,'配置中、ゴーレムトークンの出撃コスト-5');
INSERT INTO "AbilityText" VALUES(169,'配置中、セーラー系クラスとパイレーツ系クラスの出撃コスト-3');
INSERT INTO "AbilityText" VALUES(170,'配置中のみ、全近接系ユニットの・攻撃力と防御力+10％・出撃コスト+5');
INSERT INTO "AbilityText" VALUES(171,'出撃メンバーにいるだけでメイジアーマー系クラスのHP、攻撃、防御+5％');
INSERT INTO "AbilityText" VALUES(172,'毒、状態異常を完全に無効化HPが0になっても撤退せず一定時間後にその場で復活');
INSERT INTO "AbilityText" VALUES(173,'スキル発動時に妖怪系の敵の動きを止める');
INSERT INTO "AbilityText" VALUES(174,'スキル発動時に妖怪系の敵の動きを止める。さらに妖怪系の敵に対して自身の攻撃力1.2倍');
INSERT INTO "AbilityText" VALUES(175,'出撃メンバーにいるだけでヴァンパイアハンター系クラスの攻撃+7％');
INSERT INTO "AbilityText" VALUES(176,'出撃メンバーにいるだけで王子と全プリンセス系クラスの最大HP+10％配置中のみ、王子の出撃コスト-5');
INSERT INTO "AbilityText" VALUES(177,'出撃メンバーにいるだけで王子と全プリンセス系クラスの最大HP、攻撃、防御+10％配置中のみ、王子の出撃コスト-9');
INSERT INTO "AbilityText" VALUES(178,'デーモンに対して攻撃力1.2倍');
INSERT INTO "AbilityText" VALUES(179,'デーモンに対して攻撃力1.3倍');
INSERT INTO "AbilityText" VALUES(180,'出撃メンバーにいるだけで帝国出身の味方ユニットの防御力+7％さらに配置中のみ5％の確率で味方へのダメージを無効化する');
INSERT INTO "AbilityText" VALUES(181,'出撃メンバーにいるだけでエンジェル系クラスの毒、状態異常を完全に無効化し攻撃力+5％');
INSERT INTO "AbilityText" VALUES(182,'自身に「ゴールドゲット！」の効果また、出撃メンバーにいるだけで全員の「ゴールドゲット！」によるゴールド獲得量を増加');
INSERT INTO "AbilityText" VALUES(183,'配置中のみ、全サモナー系クラスの攻撃力+10％');
INSERT INTO "AbilityText" VALUES(184,'クラス特性の移動速度を下げる効果を50％に強化攻撃発生後のスキを常にわずかに短縮する');
INSERT INTO "AbilityText" VALUES(185,'配置中のみ、全近接系ユニットの・攻撃力と防御力+13％・出撃コスト+5');
INSERT INTO "AbilityText" VALUES(186,'特殊なトークンを使役可能トークン配置中に味方のＨＰが0になると身代わりにトークンが撤退し対象の味方がHP最大で復活');
INSERT INTO "AbilityText" VALUES(187,'自身の防御力が常に40％減少代わりに、スキル中のみ遠隔攻撃の対象にならない');
INSERT INTO "AbilityText" VALUES(188,'配置中のみ、パイレーツ系砲術士系、マーチャント系クラスの攻撃力+10％');
INSERT INTO "AbilityText" VALUES(189,'通常攻撃でまれに敵を一撃で倒すことができる。通常攻撃の速度がごくわずかに低下する。');
INSERT INTO "AbilityText" VALUES(190,'配置中のみ、魔物使い系トークンの・防御力1.5倍・出撃コスト-1');
INSERT INTO "AbilityText" VALUES(191,'配置中のみ、魔物使い系トークンの・防御力2倍・出撃コスト-2');
INSERT INTO "AbilityText" VALUES(192,'配置中ワルキューレ系ユニットが死亡した場合、撤退として扱う');
INSERT INTO "AbilityText" VALUES(193,'出撃メンバーにいるだけで全ワルキューレ系クラスのＨＰ＋15％配置中ワルキューレ系ユニットが死亡した場合、撤退として扱う');
INSERT INTO "AbilityText" VALUES(194,'出撃メンバーにいるだけで全くぐつ使い系クラスの攻撃力+5％');
INSERT INTO "AbilityText" VALUES(195,'自身の出撃コスト+4攻撃力+15％、射程+40');
INSERT INTO "AbilityText" VALUES(196,'エンジェルに対して攻撃力1.5倍自身が死亡した時撤退として扱う');
INSERT INTO "AbilityText" VALUES(197,'出撃メンバーにいるだけでウィッチ系、クロノウィッチ系クラスの出撃コスト-1');
INSERT INTO "AbilityText" VALUES(198,'配置中のみ、セーラー系、パイレーツ系クラスの攻撃力+10％');
INSERT INTO "AbilityText" VALUES(199,'出撃メンバーにいるだけで男性ユニット(トークン含まず）の防御+5％、魔法耐性+5');
INSERT INTO "AbilityText" VALUES(200,'魔法耐性が上昇する');
INSERT INTO "AbilityText" VALUES(201,'配置中のみ、ドルイド系、レンジャー系、ワルキューレ系、ボウライダー系クラスの攻撃力+10％');
INSERT INTO "AbilityText" VALUES(202,'自身の出撃コスト+2攻撃力+15％、射程+20');
INSERT INTO "AbilityText" VALUES(203,'ゴブリンに対して攻撃力1.5倍');
INSERT INTO "AbilityText" VALUES(204,'出撃メンバーにいるだけでレアリティ：シルバーのスキル初回使用までの待ち時間を短縮し、HP+5％');
INSERT INTO "AbilityText" VALUES(205,'出撃メンバーにいるだけでロイヤルガード系、ワルキューレ系ドラゴンライダー系、ペガサスライダー系クラスの攻撃防御+5％');
INSERT INTO "AbilityText" VALUES(206,'妖怪、デーモンに対しての攻撃力が1.2倍になる');
INSERT INTO "AbilityText" VALUES(207,'出撃メンバーにいるだけでエンジェル系クラスの出撃コスト-1配置中エンジェル系ユニットが死亡した場合、撤退として扱う');
INSERT INTO "AbilityText" VALUES(208,'魔法耐性が大幅に上昇する');
INSERT INTO "AbilityText" VALUES(209,'全敵の防御力を30％減少し、味方全員のHPを徐々に回復するトークンを使役可能');
INSERT INTO "AbilityText" VALUES(210,'自分とそっくりなトークンを使役可能トークンはフィールドに1体のみ配置可能');
CREATE TABLE CardDataTable(CardID INTEGER,InitClassID INTEGER,ClassLV0SkillID INTEGER,ClassLV1SkillID INTEGER,EvoSkillID INTEGER,Kind INTEGER,Rare INTEGER,DotID0 INTEGER,DotID1 INTEGER,DotID2 INTEGER,SellPrice INTEGER,FreePrize REAL,RarePrize REAL,PremiumPrize REAL,TicketPrize REAL,PremiumPrize2 REAL,BuildExp INTEGER,LoveEv1 INTEGER,BonusType INTEGER,BonusNum INTEGER,BonusType2 INTEGER,BonusNum2 INTEGER,BonusType3 INTEGER,BonusNum3 INTEGER,DeadVoice INTEGER,DotScale REAL,EffectHeight REAL,CostModValue INTEGER,CostDecValue INTEGER,MaxHPMod INTEGER,AtkMod INTEGER,DefMod INTEGER,GachaPicture INTEGER,GachaStartX REAL,GachaStartY REAL,GachaEndX REAL,GachaEndY REAL,GachaScale REAL,Event1BGM INTEGER,Event2BGM INTEGER,Flavor INTEGER,Illust INTEGER,MagicResistance INTEGER,AbilityDefault INTEGER,Ability INTEGER,FullShot1 INTEGER,Face1 INTEGER,PlatformType INTEGER,PlatformTypeAwakening INTEGER,PlatformTypeSkillAwakening INTEGER,TypeRace INTEGER,TradePoint INTEGER,AppearAbilityLevel INTEGER);
INSERT INTO "CardDataTable" VALUES(1,9900,59,59,59,0,5,0,0,0,500,0.0,0.0,0.0,0.0,0.0,0,0,0,0,0,0,0,0,9961483,1.5,20.0,0,0,100,100,100,0,0.0,0.0,0.0,0.0,0.0,0,0,42,37,0,0,0,0,0,7,7,7,1,0,0);
INSERT INTO "CardDataTable" VALUES(2,10001,0,0,0,0,0,0,0,0,300,3466.667,0.0,0.0,22.0,0.0,40,0,0,0,0,0,0,0,9961483,1.5,20.0,0,1,95,105,100,0,0.0,0.0,0.0,0.0,0.0,0,0,43,14,0,0,0,0,0,7,7,7,1,0,0);
INSERT INTO "CardDataTable" VALUES(3,201,0,0,0,0,1,0,0,0,500,2872.5,0.0,0.0,27.5,0.0,70,0,0,0,0,0,0,0,9961483,1.5,20.0,1,2,109,101,100,0,0.0,0.0,0.0,0.0,0.0,0,0,44,10,0,0,0,0,0,7,7,7,1,0,0);
INSERT INTO "CardDataTable" VALUES(4,601,0,0,0,0,0,0,0,0,300,3466.667,0.0,0.0,22.0,0.0,40,0,0,0,0,0,0,0,9961483,1.5,20.0,0,1,100,100,100,0,0.0,0.0,0.0,0.0,0.0,0,0,45,39,0,0,0,0,0,7,7,7,1,0,0);
INSERT INTO "CardDataTable" VALUES(5,10001,0,0,0,0,1,0,0,0,500,2872.5,0.0,0.0,27.5,0.0,70,0,0,0,0,0,0,0,9961483,1.5,20.0,1,2,101,109,100,0,0.0,0.0,0.0,0.0,0.0,0,0,46,14,0,0,0,0,0,7,7,7,1,0,0);
INSERT INTO "CardDataTable" VALUES(6,101,0,0,0,0,0,0,0,0,300,3466.667,0.0,0.0,22.0,0.0,40,0,0,0,0,0,0,0,9961483,1.5,20.0,0,1,105,95,100,0,0.0,0.0,0.0,0.0,0.0,0,0,47,38,0,0,0,0,0,7,7,7,1,0,0);
INSERT INTO "CardDataTable" VALUES(7,100,40,41,218,0,3,0,0,0,3000,0.795,0.0,0.0,1.128,12.87,750,30,1,225,0,0,0,0,9961483,1.5,20.0,5,3,113,120,117,0,0.0,0.0,0.0,0.0,0.0,0,0,606,39,0,0,6,1,1,7,7,7,1,20,0);
INSERT INTO "CardDataTable" VALUES(8,100,1,1,1,0,2,0,0,0,1500,39.216,0.0,0.0,3.529,20.0,300,30,2,40,0,0,0,0,9961483,1.5,20.0,3,3,111,112,107,0,0.0,0.0,0.0,0.0,0.0,0,0,613,21,0,0,70,0,0,7,7,7,1,0,55);
INSERT INTO "CardDataTable" VALUES(9,200,2,3,199,0,3,0,0,0,3000,0.795,0.0,0.0,1.128,12.87,750,30,2,45,0,0,0,0,9961483,1.5,20.0,5,3,116,120,114,0,0.0,0.0,0.0,0.0,0.0,0,0,620,13,0,0,6,1,1,7,7,7,1,20,0);
INSERT INTO "CardDataTable" VALUES(10,200,16,16,16,0,2,0,0,0,1500,39.216,0.0,0.0,3.529,20.0,300,30,1,200,0,0,0,0,9961483,1.5,20.0,3,3,109,107,114,0,0.0,0.0,0.0,0.0,0.0,0,0,627,21,0,0,47,0,0,7,7,7,1,0,55);
INSERT INTO "CardDataTable" VALUES(11,10101,0,0,0,0,1,0,0,0,500,2872.5,0.0,0.0,27.5,0.0,70,0,0,0,0,0,0,0,9961483,1.5,20.0,1,2,102,108,100,0,0.0,0.0,0.0,0.0,0.0,0,0,52,20,10,0,0,0,0,7,7,7,1,0,0);
INSERT INTO "CardDataTable" VALUES(12,10100,34,34,34,0,2,0,0,0,1500,39.216,0.0,0.0,3.529,20.0,300,30,2,40,0,0,0,0,9961483,1.5,20.0,3,3,110,116,104,0,0.0,0.0,0.0,0.0,0.0,0,0,634,39,15,0,27,0,0,7,7,7,1,0,55);
INSERT INTO "CardDataTable" VALUES(13,10100,34,35,470,0,3,0,0,0,3000,0.795,0.0,0.0,1.128,12.87,750,30,2,45,0,0,0,0,9961483,1.5,20.0,5,3,122,118,110,0,0.0,0.0,0.0,0.0,0.0,0,0,641,39,15,0,46,1,1,7,7,7,1,20,0);
INSERT INTO "CardDataTable" VALUES(14,600,1,1,1,0,2,0,0,0,1500,39.216,26.923,19.231,3.529,0.0,300,30,2,40,0,0,0,0,9961483,1.5,20.0,3,3,116,111,103,0,0.0,0.0,0.0,0.0,0.0,0,0,648,13,0,0,26,0,0,7,7,7,1,0,55);
INSERT INTO "CardDataTable" VALUES(15,600,11,11,11,0,2,0,0,0,1500,39.216,0.0,0.0,3.529,20.0,300,30,1,200,0,0,0,0,9961483,1.5,20.0,3,3,109,119,102,0,0.0,0.0,0.0,0.0,0.0,0,0,655,19,0,0,60,0,0,7,7,7,1,0,55);
INSERT INTO "CardDataTable" VALUES(16,10000,21,22,201,1,3,0,0,0,3000,0.795,0.0,0.0,1.128,12.87,250,25,2,90,0,0,0,0,9961495,1.5,20.0,5,3,112,126,112,0,-600.0,-404.0,-344.0,-246.0,2.0,0,1,81,24,0,0,5,1,1,7,7,7,2,20,0);
INSERT INTO "CardDataTable" VALUES(17,10200,51,52,152,1,5,0,0,0,12000,0.057,0.0,0.0,0.014,1.071,1000,30,2,120,6,15,0,0,9961495,1.5,20.0,7,3,130,140,130,0,-634.0,-204.0,-594.0,-514.0,2.0,1,0,88,12,0,0,15,1,1,7,7,7,1,400,0);
INSERT INTO "CardDataTable" VALUES(18,10300,3,4,415,1,4,0,0,0,9900,0.117,0.0,0.0,0.092,2.097,500,30,2,140,0,0,0,0,9961495,1.5,20.0,6,3,130,130,110,0,-486.0,-448.0,-138.0,-636.0,2.0,1,2,95,33,10,0,50,0,0,7,7,7,1,100,0);
INSERT INTO "CardDataTable" VALUES(19,300,44,44,44,1,2,0,0,0,1500,39.216,0.0,0.0,3.529,20.0,150,20,2,80,0,0,0,0,9961495,1.5,20.0,3,3,104,114,102,1,-320.0,-244.0,-764.0,-542.0,2.0,0,1,102,546,10,0,101,0,0,7,7,7,1,0,55);
INSERT INTO "CardDataTable" VALUES(20,500,55,55,337,1,4,0,20,0,9900,0.117,0.0,0.0,0.092,2.097,500,30,1,500,2,50,0,0,9961495,1.5,20.0,6,3,129,120,121,1,-180.0,-408.0,-520.0,-456.0,2.0,1,0,109,1114,15,0,86,1,1,7,7,7,1,100,0);
INSERT INTO "CardDataTable" VALUES(21,400,26,26,26,1,2,0,0,0,1500,39.216,0.0,0.0,3.529,20.0,150,25,1,400,0,0,0,0,9961495,1.5,20.0,3,3,105,112,103,1,-78.0,-54.0,-934.0,-440.0,2.0,1,2,116,12,0,0,31,0,0,7,7,7,1,0,55);
INSERT INTO "CardDataTable" VALUES(22,200,3,4,153,1,5,0,0,0,12000,0.057,0.0,0.0,0.014,1.071,1000,30,1,300,2,120,0,0,9961495,1.5,20.0,7,3,130,140,130,0,-452.0,-404.0,-142.0,-614.0,2.0,1,0,123,1113,0,2,3,1,1,7,7,7,1,400,0);
INSERT INTO "CardDataTable" VALUES(23,10000,21,21,21,1,2,0,0,0,1500,39.216,0.0,0.0,3.529,20.0,150,20,2,80,0,0,0,0,9961496,1.5,20.0,3,3,108,108,104,1,-404.0,-275.0,-406.0,-576.0,2.0,0,0,130,15,0,0,8,0,0,7,7,7,1,0,55);
INSERT INTO "CardDataTable" VALUES(24,10200,6,6,6,1,2,0,0,0,1500,39.216,0.0,0.0,3.529,20.0,150,20,2,80,0,0,0,0,9961496,1.5,20.0,3,3,110,107,103,0,-292.0,-334.0,-726.0,-624.0,2.0,0,1,137,25,0,0,27,0,0,7,7,7,1,0,55);
INSERT INTO "CardDataTable" VALUES(25,400,26,26,26,1,2,0,0,0,1500,39.216,0.0,0.0,3.529,20.0,150,20,3,80,0,0,0,0,9961496,1.5,20.0,3,3,112,103,105,1,-652.0,-98.0,-192.0,-310.0,2.0,1,1,144,33,0,0,26,0,0,7,7,7,1,0,55);
INSERT INTO "CardDataTable" VALUES(26,300,2,3,320,1,3,0,0,0,3000,0.795,0.0,0.0,1.128,12.87,250,25,1,450,0,0,0,0,9961496,1.5,20.0,5,3,114,114,112,0,-894.0,-638.0,-874.0,-276.0,2.0,1,1,151,6,10,0,43,1,1,7,7,7,1,20,0);
INSERT INTO "CardDataTable" VALUES(27,500,53,53,338,1,4,0,27,0,9900,0.117,0.0,0.0,0.092,2.097,500,30,1,250,2,100,0,0,9961496,1.5,20.0,6,3,120,130,120,0,-446.0,-494.0,-622.0,-636.0,2.0,0,0,158,16,10,0,74,1,1,7,7,7,1,100,0);
INSERT INTO "CardDataTable" VALUES(28,10000,31,32,204,1,4,0,0,0,9900,0.117,0.0,0.0,0.092,2.097,500,30,1,250,2,100,0,0,9961496,1.5,20.0,6,3,119,131,120,0,-248.0,-280.0,-620.0,-512.0,2.0,0,0,165,8,0,0,20,0,0,7,7,7,2,100,0);
INSERT INTO "CardDataTable" VALUES(29,10000,32,33,154,1,5,0,0,0,12000,0.057,0.0,0.0,0.014,1.071,1000,30,2,120,4,17,0,0,9961496,1.5,20.0,7,3,130,140,130,0,-554.0,-340.0,-952.0,-396.0,2.0,0,1,172,23,0,27,28,1,1,7,7,7,1,400,0);
INSERT INTO "CardDataTable" VALUES(30,10000,2,3,205,1,3,0,0,0,3000,0.795,0.0,0.0,1.128,74.0,250,30,2,90,0,0,0,0,9961496,1.5,20.0,5,3,111,116,113,1,-340.0,-338.0,-844.0,-552.0,2.0,2,0,179,27,0,0,8,1,1,7,7,7,1,20,0);
INSERT INTO "CardDataTable" VALUES(31,10200,6,7,304,1,3,0,0,0,3000,0.795,0.0,0.0,1.128,12.87,250,25,2,90,0,0,0,0,9961496,1.5,20.0,5,3,117,113,110,0,-550.0,-286.0,-236.0,-500.0,2.0,0,1,186,1,0,0,9,1,1,7,7,7,1,20,0);
INSERT INTO "CardDataTable" VALUES(32,10200,7,8,307,1,4,0,0,0,9900,0.117,0.0,0.0,0.092,2.097,500,30,2,100,3,50,0,0,9961496,1.5,20.0,6,3,121,128,121,0,-764.0,-538.0,-296.0,-612.0,2.0,2,2,193,1,0,0,10,1,1,7,7,7,1,100,0);
INSERT INTO "CardDataTable" VALUES(33,10300,3,4,416,1,4,0,0,0,9900,0.117,0.0,0.0,0.092,2.097,500,25,1,250,2,100,0,0,9961496,1.5,20.0,6,3,124,126,120,0,-618.0,-400.0,-144.0,-446.0,2.0,2,1,200,36,15,0,17,1,1,7,7,7,1,100,0);
INSERT INTO "CardDataTable" VALUES(34,10300,22,22,414,1,4,0,0,0,9900,0.0,0.0,0.0,0.0,0.0,500,30,1,250,2,100,0,0,9961496,1.5,20.0,6,3,118,131,121,0,-628.0,-462.0,-104.0,-414.0,2.0,2,1,207,17,10,0,34,1,1,7,7,7,1,3,0);
INSERT INTO "CardDataTable" VALUES(35,400,26,26,300,1,3,0,0,0,3000,0.795,0.0,0.0,1.128,12.87,250,25,2,90,0,0,0,0,9961496,1.5,20.0,5,3,111,117,112,0,-816.0,-392.0,-160.0,-556.0,2.0,2,0,214,24,0,0,26,1,1,7,7,7,1,20,0);
INSERT INTO "CardDataTable" VALUES(36,300,16,16,16,1,2,0,0,0,1500,39.216,0.0,0.0,3.529,20.0,150,25,1,400,0,0,0,0,9961496,1.5,20.0,3,3,105,107,108,0,-82.0,-554.0,-600.0,-606.0,2.0,0,1,221,15,10,0,217,0,0,7,7,7,1,0,55);
INSERT INTO "CardDataTable" VALUES(37,300,3,4,317,1,4,0,0,0,9900,0.117,0.0,0.0,0.092,2.097,500,30,1,250,2,100,0,0,9961496,1.5,20.0,6,3,121,119,130,0,-692.0,-206.0,-4.0,-202.0,2.0,1,2,228,8,10,0,21,1,1,7,7,7,1,100,0);
INSERT INTO "CardDataTable" VALUES(38,500,56,56,343,1,3,0,38,0,3000,0.795,0.0,0.0,1.128,12.87,250,30,1,450,0,0,0,0,9961496,1.5,20.0,5,3,110,120,110,1,-816.0,-416.0,-54.0,-366.0,2.0,0,1,235,22,10,0,85,1,1,7,7,7,1,20,0);
INSERT INTO "CardDataTable" VALUES(39,500,54,54,155,1,5,0,39,0,12000,0.057,0.0,0.0,0.014,1.071,1000,30,2,120,3,60,0,0,9961496,1.5,20.0,7,3,133,137,130,0,-482.0,-12.0,-956.0,-406.0,2.0,0,0,242,5,20,0,80,1,1,7,7,7,1,400,0);
INSERT INTO "CardDataTable" VALUES(40,100,39,39,39,1,2,0,0,0,1500,39.216,0.0,0.0,3.529,20.0,150,25,3,80,0,0,0,0,9961496,1.5,20.0,3,3,104,104,110,1,-564.0,-520.0,-30.0,-502.0,2.0,3,0,249,546,0,0,217,0,0,7,7,7,1,0,55);
INSERT INTO "CardDataTable" VALUES(41,200,17,18,192,1,3,0,0,0,3000,0.795,0.0,0.0,1.128,12.87,250,25,3,90,0,0,0,0,9961496,1.5,20.0,5,3,112,110,118,0,-414.0,-158.0,-460.0,-502.0,2.0,1,1,256,13,0,0,36,1,1,7,7,7,1,20,0);
INSERT INTO "CardDataTable" VALUES(42,10300,1,1,1,1,2,0,0,0,1500,39.216,0.0,0.0,3.529,20.0,150,20,2,80,0,0,0,0,9961496,1.5,20.0,3,3,108,111,101,0,-616.0,-254.0,-200.0,-628.0,2.0,1,2,263,38,10,0,6,0,0,7,7,7,1,0,55);
INSERT INTO "CardDataTable" VALUES(43,10000,1,1,1,1,2,0,0,0,1500,39.216,0.0,0.0,3.529,20.0,150,25,2,80,0,0,0,0,9961496,1.5,20.0,3,3,104,113,103,0,-374.0,-270.0,-686.0,-624.0,2.0,2,1,270,10,0,0,19,0,0,7,7,7,1,0,55);
INSERT INTO "CardDataTable" VALUES(44,10200,6,6,6,1,2,0,0,0,1500,39.216,0.0,0.0,3.529,20.0,150,25,2,80,0,0,0,0,9961496,1.5,20.0,3,3,112,104,104,0,-914.0,-388.0,-18.0,-580.0,2.0,1,2,277,18,0,0,218,0,0,7,7,7,1,0,55);
INSERT INTO "CardDataTable" VALUES(45,10200,21,22,310,1,3,0,0,0,3000,0.795,0.0,0.0,1.128,12.87,250,25,2,90,0,0,0,0,9961496,1.5,20.0,5,3,110,119,111,0,-500.0,-212.0,-488.0,-618.0,2.0,2,2,284,7,0,0,30,1,1,7,7,7,1,20,0);
INSERT INTO "CardDataTable" VALUES(46,400,27,28,156,1,5,0,0,0,12000,0.057,0.0,0.0,0.014,1.071,1000,30,1,600,3,60,0,0,9961496,1.5,20.0,7,3,131,139,130,0,-634.0,-42.0,-154.0,-454.0,2.0,1,2,291,35,0,127,48,1,1,7,7,7,1,400,0);
INSERT INTO "CardDataTable" VALUES(47,300,12,13,318,1,4,0,0,0,9900,0.117,0.0,0.0,0.092,2.097,500,25,1,500,2,50,0,0,9961496,1.5,20.0,6,3,137,125,108,0,-328.0,-364.0,-942.0,-4.0,2.0,1,2,298,29,15,0,37,1,1,7,7,7,1,100,0);
INSERT INTO "CardDataTable" VALUES(48,10300,2,3,414,1,3,0,0,0,3000,0.0,0.0,0.0,0.0,0.0,250,25,2,90,0,0,0,0,9961496,1.5,20.0,5,3,117,113,110,0,-864.0,-426.0,-50.0,-336.0,2.0,1,2,305,17,10,0,5,1,1,7,7,7,1,1,0);
INSERT INTO "CardDataTable" VALUES(49,10300,3,4,157,1,5,0,0,0,12000,0.057,0.0,0.0,0.014,1.071,1000,30,2,120,4,17,0,0,9961496,1.5,20.0,7,3,130,145,125,0,-226.0,-480.0,-802.0,-436.0,2.0,1,2,312,31,10,133,33,1,1,7,7,7,1,400,0);
INSERT INTO "CardDataTable" VALUES(50,200,16,16,16,1,2,0,0,0,1500,39.216,0.0,0.0,3.529,20.0,150,20,3,80,0,0,0,0,9961496,1.5,20.0,3,3,103,100,117,1,-320.0,-388.0,-840.0,-596.0,2.0,0,1,319,38,0,0,136,0,0,7,7,7,1,0,55);
INSERT INTO "CardDataTable" VALUES(51,400,27,27,297,1,4,0,0,0,9900,0.117,0.0,0.0,0.092,2.097,500,30,2,100,3,50,0,0,9961496,1.5,20.0,6,3,123,127,120,0,-252.0,-454.0,-730.0,-618.0,2.0,1,0,326,40,0,0,31,1,1,7,7,7,1,100,0);
INSERT INTO "CardDataTable" VALUES(52,300,46,47,158,1,5,0,0,0,12000,0.057,0.0,0.0,0.014,7.5,1000,30,2,120,3,60,0,0,9961496,1.5,20.0,7,3,135,135,130,1,-322.0,-230.0,-168.0,-568.0,2.0,1,0,333,2,20,31,7,1,1,7,7,7,1,400,0);
INSERT INTO "CardDataTable" VALUES(53,400,45,46,299,1,3,0,0,0,3000,0.795,0.0,0.0,1.128,12.87,250,25,2,90,0,0,0,0,9961496,1.5,20.0,5,3,113,118,107,0,-470.0,-618.0,-788.0,-292.0,2.0,0,1,340,30,0,62,23,1,1,7,7,7,1,20,0);
INSERT INTO "CardDataTable" VALUES(54,1,57,57,57,2,0,0,0,0,300,0.0,0.0,0.0,0.0,0.0,0,0,0,0,0,0,0,0,9961496,1.5,20.0,0,0,100,100,100,0,0.0,0.0,0.0,0.0,0.0,0,0,57,35,0,0,0,0,0,7,7,7,0,0,0);
INSERT INTO "CardDataTable" VALUES(55,2,57,57,57,2,1,0,0,0,500,0.0,0.0,0.0,0.0,0.0,0,0,0,0,0,0,0,0,9961496,1.5,20.0,0,0,100,100,100,0,0.0,0.0,0.0,0.0,0.0,0,0,58,35,0,0,0,0,0,7,7,7,0,0,0);
INSERT INTO "CardDataTable" VALUES(56,3,57,57,57,2,2,0,0,0,1500,0.0,0.0,0.0,0.0,0.0,0,0,0,0,0,0,0,0,9961496,1.5,20.0,0,0,100,100,100,0,0.0,0.0,0.0,0.0,0.0,0,0,59,35,0,0,0,0,0,7,7,7,0,0,0);
INSERT INTO "CardDataTable" VALUES(57,4,57,57,57,2,3,0,0,0,2000,0.0,0.0,0.0,0.0,0.0,0,0,0,0,0,0,0,0,9961496,1.5,20.0,0,0,110,110,110,0,0.0,0.0,0.0,0.0,0.0,0,0,60,35,0,0,0,0,0,7,7,7,0,0,0);
INSERT INTO "CardDataTable" VALUES(58,5,57,57,57,2,4,0,0,0,3000,0.0,0.0,0.0,0.0,0.0,0,0,0,0,0,0,0,0,9961496,1.5,20.0,0,0,120,120,120,0,0.0,0.0,0.0,0.0,0.0,0,0,61,35,0,0,0,0,0,7,7,7,0,0,0);
INSERT INTO "CardDataTable" VALUES(59,6,57,57,57,2,5,0,0,0,4000,0.0,0.0,0.0,0.0,0.0,0,0,0,0,0,0,0,0,9961496,1.5,20.0,0,0,100,100,100,0,0.0,0.0,0.0,0.0,0.0,0,0,62,35,0,0,0,0,0,7,7,7,0,0,0);
INSERT INTO "CardDataTable" VALUES(60,7,58,58,58,2,5,0,0,0,5000,0.0,0.5,0.0,0.0,0.0,0,0,0,0,0,0,0,0,9961496,1.5,20.0,0,0,100,100,100,0,0.0,0.0,0.0,0.0,0.0,0,0,63,35,0,0,0,0,0,7,7,7,0,0,0);
INSERT INTO "CardDataTable" VALUES(61,600,12,13,266,0,3,0,0,0,3000,0.795,0.0,0.0,1.128,12.87,750,30,2,45,0,0,0,0,9961483,1.5,20.0,5,3,125,114,111,0,0.0,0.0,0.0,0.0,0.0,0,0,662,34,0,0,39,1,1,7,7,7,1,20,0);
INSERT INTO "CardDataTable" VALUES(62,100,41,41,218,0,4,0,0,0,9900,0.117,0.0,0.0,0.092,2.097,1500,30,2,50,3,25,0,0,9961483,1.5,20.0,6,3,123,124,133,0,0.0,0.0,0.0,0.0,0.0,0,0,669,34,0,0,18,1,1,7,7,7,1,100,0);
INSERT INTO "CardDataTable" VALUES(63,10100,34,35,470,0,3,0,0,0,3000,0.795,0.0,0.0,1.128,12.87,750,30,2,45,0,0,0,0,9961483,1.5,20.0,5,3,116,122,112,0,0.0,0.0,0.0,0.0,0.0,0,0,676,32,15,0,45,1,1,7,7,7,1,20,0);
INSERT INTO "CardDataTable" VALUES(64,101,0,0,0,0,0,6,0,0,300,3466.667,0.0,0.0,22.0,0.0,40,0,0,0,0,0,0,0,9961483,1.5,20.0,0,1,100,100,100,0,0.0,0.0,0.0,0.0,0.0,0,0,67,9,0,0,0,0,0,7,7,7,1,0,0);
INSERT INTO "CardDataTable" VALUES(65,201,0,0,0,0,0,3,0,0,300,3466.667,0.0,0.0,22.0,0.0,40,0,0,0,0,0,0,0,9961483,1.5,20.0,0,1,100,100,100,0,0.0,0.0,0.0,0.0,0.0,0,0,68,9,0,0,0,0,0,7,7,7,1,0,0);
INSERT INTO "CardDataTable" VALUES(66,10001,0,0,0,0,0,2,0,0,300,3466.667,0.0,0.0,22.0,0.0,40,0,0,0,0,0,0,0,9961483,1.5,20.0,0,1,105,95,100,0,0.0,0.0,0.0,0.0,0.0,0,0,69,9,0,0,0,0,0,7,7,7,1,0,0);
INSERT INTO "CardDataTable" VALUES(67,601,0,0,0,0,0,4,0,0,300,3466.667,0.0,0.0,22.0,0.0,40,0,0,0,0,0,0,0,9961483,1.5,20.0,0,1,110,90,100,0,0.0,0.0,0.0,0.0,0.0,0,0,70,9,0,0,0,0,0,7,7,7,1,0,0);
INSERT INTO "CardDataTable" VALUES(68,601,0,0,0,0,1,0,0,0,500,2872.5,0.0,0.0,27.5,0.0,70,0,0,0,0,0,0,0,9961483,1.5,20.0,1,2,103,107,100,0,0.0,0.0,0.0,0.0,0.0,0,0,71,9,0,0,0,0,0,7,7,7,1,0,0);
INSERT INTO "CardDataTable" VALUES(69,201,0,0,0,0,0,3,0,0,300,3466.667,0.0,0.0,22.0,0.0,40,0,0,0,0,0,0,0,9961483,1.5,20.0,0,1,105,90,105,0,0.0,0.0,0.0,0.0,0.0,0,0,72,9,0,0,0,0,0,7,7,7,1,0,0);
INSERT INTO "CardDataTable" VALUES(70,10101,0,0,0,0,0,0,0,0,300,3466.667,0.0,0.0,22.0,0.0,40,0,0,0,0,0,0,0,9961483,1.5,20.0,0,1,95,105,100,0,0.0,0.0,0.0,0.0,0.0,0,0,73,9,10,0,0,0,0,7,7,7,1,0,0);
INSERT INTO "CardDataTable" VALUES(71,10101,0,0,0,0,0,70,0,0,300,3466.667,0.0,0.0,22.0,0.0,40,0,0,0,0,0,0,0,9961483,1.5,20.0,0,1,105,95,100,0,0.0,0.0,0.0,0.0,0.0,0,0,74,9,10,0,0,0,0,7,7,7,1,0,0);
INSERT INTO "CardDataTable" VALUES(72,101,0,0,0,0,1,0,0,0,500,2872.5,0.0,0.0,27.5,0.0,70,0,0,0,0,0,0,0,9961483,1.5,20.0,1,2,106,104,100,0,0.0,0.0,0.0,0.0,0.0,0,0,75,9,0,0,0,0,0,7,7,7,1,0,0);
INSERT INTO "CardDataTable" VALUES(73,10001,0,0,0,0,1,0,0,0,500,2872.5,0.0,0.0,27.5,0.0,70,0,0,0,0,0,0,0,9961483,1.5,20.0,1,2,104,106,100,0,0.0,0.0,0.0,0.0,0.0,0,0,76,9,0,0,0,0,0,7,7,7,1,0,0);
INSERT INTO "CardDataTable" VALUES(74,101,0,0,0,0,1,0,0,0,500,2872.5,0.0,0.0,27.5,0.0,70,0,0,0,0,0,0,0,9961483,1.5,20.0,1,2,104,106,100,0,0.0,0.0,0.0,0.0,0.0,0,0,77,32,0,0,0,0,0,7,7,7,1,0,0);
INSERT INTO "CardDataTable" VALUES(75,100,40,41,219,1,3,0,0,0,3000,0.0,0.0,0.0,0.0,0.0,250,30,2,90,0,0,0,0,9961496,1.5,20.0,5,3,110,110,120,0,0.0,0.0,0.0,0.0,0.0,0,1,351,35,0,0,11,1,1,7,7,7,1,1,0);
INSERT INTO "CardDataTable" VALUES(76,10000,3,4,206,1,4,0,0,0,9900,0.117,0.0,0.0,0.092,17.5,500,30,1,250,2,100,0,0,9961496,1.5,20.0,6,3,123,127,121,0,0.0,0.0,0.0,0.0,0.0,0,1,358,13,0,0,19,1,1,7,7,7,1,100,0);
INSERT INTO "CardDataTable" VALUES(77,8,0,0,0,3,3,0,0,0,6000,0.0,0.0,0.0,0.0,0.0,0,0,0,0,0,0,0,0,9961483,1.5,20.0,0,0,100,100,100,0,0.0,0.0,0.0,0.0,0.0,0,0,42,9,0,0,0,0,0,7,7,7,0,0,0);
INSERT INTO "CardDataTable" VALUES(78,10100,21,22,471,1,3,0,0,0,3000,0.795,0.0,0.0,1.128,12.87,250,30,2,90,0,0,0,0,9961495,1.5,20.0,5,3,115,115,110,0,0.0,0.0,0.0,0.0,0.0,0,1,365,27,15,0,50,1,1,7,7,7,1,20,0);
INSERT INTO "CardDataTable" VALUES(79,10100,35,36,472,1,4,0,0,0,9900,0.117,0.0,0.0,0.092,2.097,500,30,1,250,2,100,0,0,9961496,1.5,20.0,6,3,122,128,120,0,0.0,0.0,0.0,0.0,0.0,0,1,372,22,20,0,35,1,1,7,7,7,1,100,0);
INSERT INTO "CardDataTable" VALUES(80,700,47,47,47,0,5,0,99,0,12000,0.0,0.0,0.0,0.0,0.0,1000,0,0,0,0,0,0,0,9961483,1.2,20.0,7,3,140,130,130,0,0.0,0.0,0.0,0.0,0.0,0,0,347,4,0,0,0,0,0,7,7,7,3,15,0);
INSERT INTO "CardDataTable" VALUES(81,600,12,13,262,1,4,0,0,0,9900,0.117,0.0,0.0,0.092,2.097,500,30,1,250,2,100,0,0,9961496,1.5,20.0,6,3,130,130,110,0,-692.0,-206.0,-4.0,-202.0,2.0,1,2,379,4,0,0,26,1,1,7,7,7,1,100,0);
INSERT INTO "CardDataTable" VALUES(82,10000,31,31,202,0,3,0,0,0,3000,0.795,0.0,0.0,1.128,12.87,750,30,2,45,0,0,0,0,9961483,1.5,20.0,5,3,124,121,105,0,0.0,0.0,0.0,0.0,0.0,0,0,683,39,0,0,44,1,1,7,7,7,1,20,0);
INSERT INTO "CardDataTable" VALUES(83,200,18,19,193,0,4,0,0,0,9900,0.117,0.0,0.0,0.092,2.097,1500,30,1,250,3,25,0,0,9961483,1.5,20.0,6,3,140,120,120,0,0.0,0.0,0.0,0.0,0.0,0,0,690,39,0,0,29,1,1,7,7,7,1,100,0);
INSERT INTO "CardDataTable" VALUES(84,600,60,60,263,1,4,0,0,0,9900,0.117,0.926,2.6,0.092,0.0,500,30,1,500,3,50,0,0,9961496,1.5,20.0,6,3,135,110,125,0,-692.0,-206.0,-4.0,-202.0,2.0,0,1,386,35,10,51,22,1,1,7,7,7,1,100,0);
INSERT INTO "CardDataTable" VALUES(85,10200,6,6,6,0,2,0,0,0,1500,39.216,26.923,19.231,3.529,0.0,300,30,2,40,0,0,0,0,9961483,1.5,20.0,3,3,119,106,105,0,-292.0,-334.0,-726.0,-624.0,2.0,0,0,697,14,0,0,9,0,0,7,7,7,1,0,55);
INSERT INTO "CardDataTable" VALUES(86,10100,3,4,473,1,4,0,0,0,9900,0.0,0.0,0.0,0.0,0.0,500,30,2,100,3,50,0,0,9961496,1.5,20.0,6,3,124,116,125,0,0.0,0.0,0.0,0.0,0.0,1,2,393,1056,20,0,21,1,1,7,7,7,1,3,0);
INSERT INTO "CardDataTable" VALUES(87,10400,2,3,185,1,3,0,0,0,3000,0.795,0.0,0.0,1.128,12.87,250,25,2,90,0,0,0,0,9961496,1.5,20.0,5,3,110,122,108,0,0.0,0.0,0.0,0.0,0.0,1,2,400,4,0,64,25,1,1,7,7,7,1,20,0);
INSERT INTO "CardDataTable" VALUES(88,10400,64,65,188,1,4,0,0,0,9900,0.117,0.0,0.0,0.092,2.097,500,30,1,250,2,100,0,0,9961496,1.5,20.0,6,3,118,137,115,0,0.0,0.0,0.0,0.0,0.0,1,2,407,4,0,0,27,1,1,7,7,7,1,100,0);
INSERT INTO "CardDataTable" VALUES(89,800,61,61,363,1,4,0,0,0,9900,0.0,0.0,0.0,0.0,0.0,500,30,2,100,3,50,0,0,9961496,1.5,20.0,7,4,130,120,120,0,0.0,0.0,0.0,0.0,0.0,1,2,414,13,0,0,32,1,1,7,7,7,1,3,0);
INSERT INTO "CardDataTable" VALUES(90,1000,68,68,159,1,5,0,0,0,12000,0.0,0.0,0.0,0.0,0.0,1000,30,1,420,2,84,0,0,9961496,1.5,20.0,8,4,126,139,125,0,0.0,0.0,0.0,0.0,0.0,1,2,421,17,0,133,33,1,1,7,7,7,1,15,0);
INSERT INTO "CardDataTable" VALUES(91,10400,62,63,160,1,5,0,0,0,12000,0.057,0.0,0.0,0.014,7.5,1000,30,2,120,3,60,0,0,9961496,1.5,20.0,7,3,129,145,126,0,0.0,0.0,0.0,0.0,0.0,2,1,428,1114,0,132,49,1,1,7,7,7,1,400,0);
INSERT INTO "CardDataTable" VALUES(92,200,70,70,194,1,4,0,0,0,5000,0.0,0.0,0.0,0.0,0.0,500,30,2,100,3,50,0,0,9961496,1.5,20.0,5,4,115,80,80,0,0.0,0.0,0.0,0.0,0.0,1,2,435,36,0,0,2,1,1,7,7,7,1,3,0);
INSERT INTO "CardDataTable" VALUES(93,800,3,4,364,1,4,0,0,0,9900,0.117,0.0,0.0,0.092,2.097,500,30,1,250,2,100,0,0,9961496,1.5,20.0,6,3,126,102,142,0,0.0,0.0,0.0,0.0,0.0,1,2,442,581,0,0,5,1,1,7,7,7,1,100,0);
INSERT INTO "CardDataTable" VALUES(94,1000,3,4,458,1,4,0,0,0,9900,0.117,0.0,0.0,0.092,2.097,500,30,1,350,2,70,0,0,9961495,1.5,20.0,6,3,129,129,112,0,0.0,0.0,0.0,0.0,0.0,0,2,449,2,0,0,31,1,1,7,7,7,1,100,0);
INSERT INTO "CardDataTable" VALUES(95,701,0,0,0,0,1,0,0,0,500,2872.5,0.0,0.0,27.5,0.0,70,0,0,0,0,0,0,0,9961483,1.2,20.0,1,2,105,105,100,0,0.0,0.0,0.0,0.0,0.0,0,0,78,3,0,0,0,0,0,7,7,7,3,0,0);
INSERT INTO "CardDataTable" VALUES(96,702,3,4,4,0,2,0,0,0,1500,39.216,0.0,0.0,3.529,20.0,300,30,0,0,0,0,0,0,9961483,1.2,20.0,5,3,119,113,118,0,0.0,0.0,0.0,0.0,0.0,0,0,79,3,0,0,1,0,0,7,7,7,3,0,55);
INSERT INTO "CardDataTable" VALUES(97,9,73,73,73,2,5,0,0,0,5000,0.0,0.0,0.0,0.0,0.0,0,0,0,0,0,0,0,0,9961496,1.5,20.0,0,0,100,100,100,0,0.0,0.0,0.0,0.0,0.0,0,0,80,35,0,0,0,0,0,7,7,7,0,0,0);
INSERT INTO "CardDataTable" VALUES(98,10500,71,71,328,1,4,0,98,0,9900,0.0,0.0,0.0,0.0,0.0,500,30,2,100,3,50,0,0,9961496,1.5,20.0,7,4,119,120,126,0,0.0,0.0,0.0,0.0,0.0,2,1,456,470,0,0,117,1,1,7,7,7,3,3,0);
INSERT INTO "CardDataTable" VALUES(99,710,72,72,189,1,5,0,99,0,12000,0.0,0.0,0.0,0.0,0.0,1000,30,1,300,3,120,0,0,9961496,1.5,20.0,4,0,130,135,130,0,-482.0,-12.0,-956.0,-406.0,2.0,0,0,463,41,0,0,118,1,1,7,7,7,3,15,0);
INSERT INTO "CardDataTable" VALUES(100,10100,74,74,474,1,4,0,0,0,9900,0.0,0.0,0.0,0.0,0.0,500,30,2,100,3,50,0,0,9961496,1.5,20.0,10,5,110,137,115,0,0.0,0.0,0.0,0.0,0.0,0,1,471,12,20,0,29,1,1,7,7,7,1,3,0);
INSERT INTO "CardDataTable" VALUES(101,800,75,75,365,1,4,0,0,0,9900,0.117,0.0,0.0,0.092,2.097,500,30,2,70,3,70,0,0,9961496,1.5,20.0,6,3,105,130,135,0,0.0,0.0,0.0,0.0,0.0,1,2,478,8,0,0,38,0,0,7,7,7,1,100,0);
INSERT INTO "CardDataTable" VALUES(102,800,18,19,361,0,3,0,0,0,3000,0.795,0.0,0.0,1.128,12.87,750,30,1,225,0,0,0,0,9961483,1.5,20.0,5,3,120,120,110,0,0.0,0.0,0.0,0.0,0.0,0,0,704,13,0,0,42,1,1,7,7,7,1,20,0);
INSERT INTO "CardDataTable" VALUES(103,10600,21,22,274,0,3,0,0,0,3000,0.795,0.0,0.0,1.128,12.87,750,30,2,45,0,0,0,0,9961483,1.5,20.0,5,3,120,130,100,0,0.0,0.0,0.0,0.0,0.0,0,0,711,3,0,0,1,1,1,7,7,7,1,20,0);
INSERT INTO "CardDataTable" VALUES(104,10600,64,65,275,1,4,0,0,0,9900,0.117,0.0,0.0,0.092,2.097,500,30,1,250,2,100,0,0,9961496,1.5,20.0,6,3,125,120,125,0,0.0,0.0,0.0,0.0,0.0,1,0,487,4,0,0,27,1,1,7,7,7,1,100,0);
INSERT INTO "CardDataTable" VALUES(105,510,76,76,344,1,4,0,105,0,9900,0.0,0.0,0.0,0.0,0.0,500,30,2,70,3,70,0,0,9961496,1.5,20.0,6,3,120,130,120,0,-446.0,-494.0,-622.0,-636.0,2.0,1,2,502,470,10,0,92,1,1,7,7,7,4,3,0);
INSERT INTO "CardDataTable" VALUES(106,520,77,77,165,1,5,0,106,0,12000,0.0,0.0,0.0,0.0,0.0,1000,30,2,84,3,84,0,0,9961496,1.5,20.0,9,5,120,140,130,0,-482.0,-12.0,-956.0,-406.0,2.0,1,2,509,470,10,129,93,1,1,7,7,7,4,15,0);
INSERT INTO "CardDataTable" VALUES(107,1100,78,78,293,1,4,0,0,0,9900,0.117,0.0,0.0,0.092,17.5,500,30,2,100,3,50,0,0,9961496,1.5,20.0,6,3,120,125,125,0,-692.0,-206.0,-4.0,-202.0,2.0,0,1,495,17,15,0,6,1,1,7,7,7,1,100,0);
INSERT INTO "CardDataTable" VALUES(108,10700,79,79,380,1,4,0,0,0,5000,0.0,0.0,0.0,0.0,0.0,500,25,1,250,2,100,0,0,9961495,1.5,20.0,8,5,122,129,119,0,-550.0,-286.0,-236.0,-500.0,2.0,1,2,516,494,0,0,50,1,1,7,7,7,1,3,0);
INSERT INTO "CardDataTable" VALUES(109,10200,6,7,311,0,3,0,0,0,3000,0.795,17.667,21.143,1.128,0.0,750,30,1,225,0,0,0,0,9961483,1.5,20.0,3,3,140,110,120,0,-292.0,-334.0,-726.0,-624.0,2.0,0,0,718,32,0,63,24,1,1,7,7,7,1,20,0);
INSERT INTO "CardDataTable" VALUES(110,10300,21,22,417,1,3,0,0,0,3000,0.795,17.667,21.143,1.128,0.0,250,25,2,90,0,0,0,0,9961496,1.5,20.0,5,3,75,140,100,0,-864.0,-426.0,-50.0,-336.0,2.0,1,2,524,22,13,0,30,1,1,7,7,7,5,20,0);
INSERT INTO "CardDataTable" VALUES(111,1200,80,80,277,1,4,0,0,0,5000,0.0,0.0,0.0,0.0,0.0,500,30,2,100,3,50,0,0,9961496,1.5,20.0,8,5,120,125,120,0,0.0,0.0,0.0,0.0,0.0,1,0,531,25,15,0,29,1,1,7,7,7,1,3,0);
INSERT INTO "CardDataTable" VALUES(112,1000,2,3,456,0,3,0,0,0,3000,0.0,0.0,0.0,0.0,0.0,750,30,2,45,0,0,0,0,9961483,1.5,20.0,5,3,115,130,105,0,0.0,0.0,0.0,0.0,0.0,0,0,725,13,0,0,30,1,1,7,7,7,1,1,0);
INSERT INTO "CardDataTable" VALUES(113,10000,81,81,207,1,4,0,0,0,9900,0.0,0.0,0.0,0.0,0.0,500,30,2,100,3,50,0,0,9961496,1.5,20.0,5,2,75,140,110,0,-248.0,-280.0,-620.0,-512.0,2.0,0,1,539,1493,5,0,41,1,1,7,7,7,5,3,0);
INSERT INTO "CardDataTable" VALUES(114,100,40,41,220,1,3,0,0,0,3000,0.0,0.0,0.0,0.0,0.0,250,30,3,90,0,0,0,0,9961496,1.5,20.0,5,3,113,100,122,0,0.0,0.0,0.0,0.0,0.0,0,1,547,581,0,0,13,1,1,7,7,7,1,1,0);
INSERT INTO "CardDataTable" VALUES(115,500,82,82,166,1,5,0,115,0,12000,0.057,0.0,0.0,0.014,1.071,1000,30,2,120,3,60,0,0,9961496,1.5,20.0,7,3,85,150,150,0,-482.0,-12.0,-956.0,-406.0,2.0,2,0,554,580,25,130,75,1,1,7,7,7,5,400,0);
INSERT INTO "CardDataTable" VALUES(116,10800,83,83,225,0,4,0,0,0,9900,0.117,0.0,0.0,0.092,2.097,1500,30,2,50,3,25,0,0,9961483,1.5,20.0,6,3,80,148,142,0,0.0,0.0,0.0,0.0,0.0,0,0,732,579,30,0,27,1,1,7,7,7,5,100,0);
INSERT INTO "CardDataTable" VALUES(117,100,61,61,61,1,2,0,0,0,1500,39.216,0.0,0.0,3.529,20.0,150,25,2,80,0,0,0,0,9961496,1.5,20.0,3,3,80,120,115,1,-564.0,-520.0,-30.0,-502.0,2.0,0,1,562,546,5,0,21,0,0,7,7,7,5,0,55);
INSERT INTO "CardDataTable" VALUES(118,10000,81,81,81,0,2,0,0,0,1500,39.216,0.0,0.0,3.529,20.0,300,30,1,200,0,0,0,0,9961483,1.5,20.0,3,3,79,127,109,0,0.0,0.0,0.0,0.0,0.0,0,0,739,4,5,0,66,0,0,7,7,7,5,0,55);
INSERT INTO "CardDataTable" VALUES(119,101,0,0,0,0,1,0,0,0,500,2872.5,0.0,0.0,27.5,0.0,70,0,0,0,0,0,0,0,9961483,1.5,20.0,1,2,79,116,120,0,0.0,0.0,0.0,0.0,0.0,0,0,570,582,5,0,0,0,0,7,7,7,5,0,0);
INSERT INTO "CardDataTable" VALUES(120,10200,84,84,313,1,4,0,0,0,9900,0.0,0.0,0.0,0.0,0.0,500,30,2,100,3,50,0,0,9961496,1.5,20.0,6,3,80,143,127,0,-764.0,-538.0,-296.0,-612.0,2.0,1,0,571,578,5,0,29,1,1,7,7,7,5,3,0);
INSERT INTO "CardDataTable" VALUES(121,1300,46,46,422,1,4,0,121,0,9900,0.0,0.0,0.0,0.0,0.0,500,30,1,500,3,50,0,0,9961496,1.5,20.0,7,4,120,125,120,0,0.0,0.0,0.0,0.0,0.0,1,2,583,470,5,0,21,1,1,7,7,7,5,3,0);
INSERT INTO "CardDataTable" VALUES(122,1400,85,85,212,1,4,0,0,0,9900,0.0,0.0,0.0,0.0,0.0,500,30,1,250,2,100,0,0,9961496,1.5,20.0,8,5,125,120,120,0,0.0,0.0,0.0,0.0,0.0,0,2,590,1326,0,0,40,1,1,7,7,7,1,3,0);
INSERT INTO "CardDataTable" VALUES(123,10400,21,21,21,0,2,0,0,0,1500,39.216,26.923,19.231,3.529,0.0,300,30,2,40,0,0,0,0,9961483,1.5,20.0,3,3,109,120,101,0,0.0,0.0,0.0,0.0,0.0,0,0,746,32,0,0,8,0,0,7,7,7,1,0,55);
INSERT INTO "CardDataTable" VALUES(124,10401,0,0,0,0,1,0,0,0,500,2872.5,0.0,0.0,27.5,0.0,70,0,0,0,0,0,0,0,9961483,1.5,20.0,1,2,106,104,100,0,0.0,0.0,0.0,0.0,0.0,0,0,598,38,0,0,0,0,0,7,7,7,1,0,0);
INSERT INTO "CardDataTable" VALUES(125,1500,86,86,231,1,4,0,0,0,9900,0.117,0.0,0.0,0.092,2.097,500,30,1,250,2,100,0,0,9961496,1.5,20.0,6,3,122,122,126,0,0.0,0.0,0.0,0.0,0.0,0,1,599,597,0,0,12,1,1,7,7,7,1,100,0);
INSERT INTO "CardDataTable" VALUES(126,800,16,16,16,0,2,0,0,0,1500,39.216,0.0,0.0,3.529,20.0,300,30,1,200,0,0,0,0,9961483,1.5,20.0,3,3,115,103,112,0,0.0,0.0,0.0,0.0,0.0,0,0,753,582,0,0,136,0,0,7,7,7,1,0,55);
INSERT INTO "CardDataTable" VALUES(127,10900,87,87,234,1,4,0,0,0,9900,0.0,0.0,0.0,0.0,0.0,500,30,2,70,3,70,0,0,9961496,1.5,20.0,8,5,119,128,118,0,0.0,0.0,0.0,0.0,0.0,0,1,762,470,0,0,14,1,1,7,7,7,1,3,0);
INSERT INTO "CardDataTable" VALUES(128,1600,89,89,240,1,4,0,0,0,9900,0.0,0.0,0.0,0.0,0.0,500,30,2,100,3,50,0,0,9961496,1.5,20.0,8,5,120,120,125,0,0.0,0.0,0.0,0.0,0.0,0,2,769,17,10,0,1,1,1,7,7,7,1,3,0);
INSERT INTO "CardDataTable" VALUES(129,10100,1,1,1,1,2,0,0,0,1500,39.216,26.923,19.231,3.529,0.0,150,20,2,80,0,0,0,0,9961496,1.5,20.0,3,3,107,101,112,0,-616.0,-254.0,-200.0,-628.0,2.0,1,2,776,760,15,0,59,0,0,7,7,7,1,0,55);
INSERT INTO "CardDataTable" VALUES(130,11000,88,88,167,1,5,0,130,0,12000,0.057,0.0,0.0,0.014,1.071,1000,30,2,120,3,60,0,0,9961496,1.5,20.0,7,3,110,108,102,0,0.0,0.0,0.0,0.0,0.0,2,1,783,761,10,0,103,1,1,7,7,7,1,400,0);
INSERT INTO "CardDataTable" VALUES(131,1400,90,90,211,1,3,0,0,0,3000,0.795,0.0,0.0,1.128,12.87,250,30,1,450,0,0,0,0,9961496,1.5,20.0,5,3,119,121,100,0,0.0,0.0,0.0,0.0,0.0,0,2,790,17,0,0,31,1,1,7,7,7,1,20,0);
INSERT INTO "CardDataTable" VALUES(132,1300,91,91,420,1,3,0,132,0,3000,0.795,0.0,0.0,1.128,12.87,250,30,1,450,0,0,0,0,9961495,1.5,20.0,5,3,107,135,118,0,0.0,0.0,0.0,0.0,0.0,1,0,797,546,0,0,6,1,1,7,7,7,6,20,0);
INSERT INTO "CardDataTable" VALUES(133,10,0,0,0,4,4,3,0,0,1000,0.0,0.0,0.0,0.0,0.0,1000,0,0,0,0,0,0,0,9961483,1.5,20.0,0,0,100,100,100,0,0.0,0.0,0.0,0.0,0.0,0,0,42,9,0,0,0,0,0,7,7,7,0,0,0);
INSERT INTO "CardDataTable" VALUES(134,11100,93,93,287,1,4,0,134,0,9900,0.0,0.0,0.0,0.0,0.0,500,30,1,250,2,100,0,0,9961496,1.5,20.0,8,5,110,137,118,0,0.0,0.0,0.0,0.0,0.0,0,1,804,546,0,0,50,1,1,7,7,7,1,3,0);
INSERT INTO "CardDataTable" VALUES(135,10300,92,92,92,1,2,0,0,0,1500,39.216,0.0,0.0,3.529,20.0,150,20,2,80,0,0,0,0,9961496,1.5,20.0,3,3,99,120,101,0,-616.0,-254.0,-200.0,-628.0,2.0,2,1,811,494,10,0,30,0,0,7,7,7,1,0,55);
INSERT INTO "CardDataTable" VALUES(136,11,94,94,94,2,5,0,0,0,5000,0.0,0.0,0.0,0.0,0.0,0,0,0,0,0,0,0,0,9961496,1.5,20.0,0,0,100,100,100,0,0.0,0.0,0.0,0.0,0.0,0,0,818,35,0,0,0,0,0,7,7,7,0,0,0);
INSERT INTO "CardDataTable" VALUES(137,400,95,95,298,1,4,0,0,0,9900,0.0,0.0,0.0,0.0,0.0,500,30,1,250,2,100,0,0,9961496,1.5,20.0,8,5,115,120,115,0,-252.0,-454.0,-730.0,-618.0,2.0,1,0,819,22,0,0,47,1,1,7,7,7,2,3,0);
INSERT INTO "CardDataTable" VALUES(138,10100,96,96,475,1,4,0,0,0,9900,0.117,0.0,0.0,0.092,2.097,500,30,2,140,0,0,0,0,9961496,1.5,20.0,6,3,120,134,116,0,0.0,0.0,0.0,0.0,0.0,0,1,826,597,20,0,33,1,1,7,7,7,1,100,0);
INSERT INTO "CardDataTable" VALUES(139,1000,66,66,66,1,2,0,0,0,1500,39.216,0.0,0.0,3.529,20.0,150,25,2,80,0,0,0,0,9961496,1.5,20.0,3,3,105,110,105,0,0.0,0.0,0.0,0.0,0.0,2,1,833,38,0,0,21,0,0,7,7,7,1,0,55);
INSERT INTO "CardDataTable" VALUES(140,1001,0,0,0,0,1,0,0,0,500,2872.5,0.0,0.0,27.5,0.0,70,0,0,0,0,0,0,0,9961483,1.5,20.0,1,2,102,108,105,0,0.0,0.0,0.0,0.0,0.0,0,0,840,579,0,0,0,0,0,7,7,7,1,0,0);
INSERT INTO "CardDataTable" VALUES(141,801,0,0,0,0,0,0,0,0,300,3466.667,0.0,0.0,22.0,0.0,40,0,0,0,0,0,0,0,9961483,1.5,20.0,0,1,100,100,100,0,0.0,0.0,0.0,0.0,0.0,0,0,841,582,0,0,0,0,0,7,7,7,1,0,0);
INSERT INTO "CardDataTable" VALUES(142,10800,83,83,225,1,3,0,0,0,3000,0.0,0.0,0.0,0.0,0.0,250,25,2,90,0,0,0,0,9961495,1.5,20.0,7,5,105,135,110,0,0.0,0.0,0.0,0.0,0.0,0,0,842,857,15,0,52,1,1,7,7,7,6,1,0);
INSERT INTO "CardDataTable" VALUES(143,10700,97,97,382,1,4,0,0,0,9900,0.0,0.0,0.0,0.0,0.0,500,30,1,250,2,100,0,0,9961495,1.5,20.0,8,5,132,120,120,0,-550.0,-286.0,-236.0,-500.0,2.0,1,2,849,858,0,0,99,1,1,7,7,7,1,3,0);
INSERT INTO "CardDataTable" VALUES(144,10401,0,0,0,0,0,124,0,0,300,3466.667,0.0,0.0,22.0,0.0,40,0,0,0,0,0,0,0,9961483,1.5,20.0,0,1,100,100,100,0,-550.0,-286.0,-236.0,-500.0,2.0,0,0,856,582,0,0,0,0,0,7,7,7,1,0,0);
INSERT INTO "CardDataTable" VALUES(145,1700,98,98,280,1,4,0,0,0,5000,0.0,0.0,0.0,0.0,0.0,500,30,2,100,3,50,0,0,9961495,1.5,20.0,8,5,120,125,125,0,-550.0,-286.0,-236.0,-500.0,2.0,1,2,860,12,25,0,55,1,1,7,7,7,7,3,0);
INSERT INTO "CardDataTable" VALUES(146,1700,98,98,168,1,5,0,0,0,12000,0.057,0.0,0.0,0.014,1.071,1000,30,1,300,2,120,0,0,9961495,1.5,20.0,7,3,135,145,130,0,-550.0,-286.0,-236.0,-500.0,2.0,1,2,867,859,30,96,57,1,1,7,7,7,7,400,0);
INSERT INTO "CardDataTable" VALUES(147,1001,0,0,0,0,0,140,0,0,300,3466.667,0.0,0.0,22.0,0.0,40,0,0,0,0,0,0,0,9961483,1.5,20.0,0,1,100,100,100,0,0.0,0.0,0.0,0.0,0.0,0,0,874,579,0,0,0,0,0,7,7,7,1,0,0);
INSERT INTO "CardDataTable" VALUES(148,1100,99,99,294,1,3,0,0,0,3000,0.795,17.667,21.143,1.128,0.0,250,25,2,90,0,0,0,0,9961496,1.5,20.0,5,3,108,121,111,0,-692.0,-206.0,-4.0,-202.0,2.0,0,1,875,859,15,0,47,1,1,7,7,7,1,20,0);
INSERT INTO "CardDataTable" VALUES(149,1600,101,101,242,1,4,0,0,0,9900,0.0,0.0,0.0,0.0,0.0,500,30,1,500,2,50,0,0,9961496,1.5,20.0,8,5,117,128,120,0,0.0,0.0,0.0,0.0,0.0,0,2,882,35,10,0,43,1,1,7,7,7,1,3,0);
INSERT INTO "CardDataTable" VALUES(150,10400,100,100,100,1,2,0,0,0,1500,39.216,0.0,0.0,3.529,20.0,150,25,1,400,0,0,0,0,9961495,1.5,20.0,3,3,105,108,107,0,0.0,0.0,0.0,0.0,0.0,1,2,889,917,0,0,20,0,0,7,7,7,1,0,55);
INSERT INTO "CardDataTable" VALUES(151,11200,102,102,430,1,4,0,0,0,9900,0.117,0.0,0.0,0.092,2.097,500,25,2,100,3,50,0,0,9961495,1.5,20.0,6,3,130,120,120,0,0.0,0.0,0.0,0.0,0.0,1,0,896,1,5,0,27,1,1,7,7,7,1,100,0);
INSERT INTO "CardDataTable" VALUES(152,1800,103,103,323,1,4,0,0,0,5000,0.0,0.0,0.0,0.0,0.0,500,25,1,250,2,100,0,0,9961495,1.5,20.0,8,5,120,130,120,0,0.0,0.0,0.0,0.0,0.0,2,0,903,13,0,0,6,1,1,7,7,7,1,3,0);
INSERT INTO "CardDataTable" VALUES(153,100,91,91,91,0,2,0,0,0,1500,39.216,0.0,0.0,3.529,20.0,300,25,2,40,0,0,0,0,9961483,1.5,20.0,3,3,120,115,110,0,0.0,0.0,0.0,0.0,0.0,0,0,910,546,0,0,125,0,0,7,7,7,6,0,55);
INSERT INTO "CardDataTable" VALUES(154,11300,105,105,251,1,4,0,0,0,9900,0.0,0.0,0.0,0.0,0.0,500,30,2,100,3,50,0,0,9961496,1.5,20.0,6,3,125,125,120,0,0.0,0.0,0.0,0.0,0.0,0,1,918,494,0,0,82,1,1,7,7,7,1,3,0);
INSERT INTO "CardDataTable" VALUES(155,11400,104,104,395,1,4,0,0,0,9900,0.117,0.0,0.0,0.092,2.097,500,30,2,70,3,70,0,0,9961496,1.5,20.0,6,3,120,100,150,0,0.0,0.0,0.0,0.0,0.0,0,1,925,1,10,0,77,1,1,7,7,7,1,100,0);
INSERT INTO "CardDataTable" VALUES(156,1900,106,106,426,1,3,0,0,0,3000,0.0,0.0,0.0,0.0,0.0,250,25,2,90,0,0,0,0,9961496,1.5,20.0,7,5,112,122,106,0,0.0,0.0,0.0,0.0,0.0,0,2,939,17,0,0,59,1,1,7,7,7,1,1,0);
INSERT INTO "CardDataTable" VALUES(157,10400,100,100,186,1,4,0,0,0,9900,0.0,0.0,0.0,0.0,0.0,500,30,1,350,2,70,0,0,9961495,1.5,20.0,8,5,114,141,115,0,0.0,0.0,0.0,0.0,0.0,2,0,946,597,0,0,1,1,1,7,7,7,1,3,0);
INSERT INTO "CardDataTable" VALUES(158,11100,107,107,200,1,5,0,158,0,12000,0.057,0.0,0.0,0.014,1.071,1000,30,2,120,4,17,0,0,9961496,1.5,20.0,7,3,135,142,123,0,0.0,0.0,0.0,0.0,0.0,1,0,932,17,0,88,120,1,1,7,7,7,1,400,0);
INSERT INTO "CardDataTable" VALUES(159,800,108,108,362,1,3,0,0,0,3000,0.795,17.667,21.143,1.128,0.0,250,25,2,90,0,0,0,0,9961495,1.5,20.0,3,3,155,133,67,0,0.0,0.0,0.0,0.0,0.0,2,1,961,38,0,0,59,1,1,7,7,7,1,20,0);
INSERT INTO "CardDataTable" VALUES(160,1000,68,68,459,1,4,0,0,0,9900,0.0,0.0,0.0,0.0,0.0,500,30,2,70,3,70,0,0,9961495,1.5,20.0,8,5,122,117,126,0,0.0,0.0,0.0,0.0,0.0,1,2,953,960,0,0,5,1,1,7,7,7,1,3,0);
INSERT INTO "CardDataTable" VALUES(161,10200,109,109,312,1,4,0,0,0,9900,0.117,0.926,2.6,0.092,0.0,500,30,1,250,2,100,0,0,9961496,1.5,20.0,6,3,118,138,114,0,-764.0,-538.0,-296.0,-612.0,2.0,2,1,968,17,0,0,27,1,1,7,7,7,1,100,0);
INSERT INTO "CardDataTable" VALUES(162,1400,90,90,213,1,4,0,0,0,9900,0.117,0.0,0.0,0.092,2.097,500,30,1,250,2,100,0,0,9961495,1.5,20.0,6,3,122,136,112,0,0.0,0.0,0.0,0.0,0.0,0,2,975,24,0,0,60,1,1,7,7,7,2,100,0);
INSERT INTO "CardDataTable" VALUES(163,500,110,110,340,1,4,0,163,0,9900,0.0,0.0,0.0,0.0,0.0,500,30,1,350,2,70,0,0,9961496,1.5,20.0,8,5,123,135,112,0,-446.0,-494.0,-622.0,-636.0,2.0,0,0,982,2,10,61,87,1,1,7,7,7,1,3,0);
INSERT INTO "CardDataTable" VALUES(164,800,111,111,366,1,4,0,0,0,5000,0.0,0.0,0.0,0.0,0.0,500,30,1,500,2,50,0,0,9961496,1.5,20.0,8,5,116,119,130,0,0.0,0.0,0.0,0.0,0.0,2,1,989,1,0,0,43,1,1,7,7,7,1,3,0);
INSERT INTO "CardDataTable" VALUES(165,11300,112,112,253,1,3,0,0,0,3000,0.795,0.0,0.0,1.128,12.87,250,25,2,90,0,0,0,0,9961496,1.5,20.0,5,3,115,120,105,0,0.0,0.0,0.0,0.0,0.0,1,2,996,857,0,0,83,1,1,7,7,7,1,20,0);
INSERT INTO "CardDataTable" VALUES(166,12,142,142,142,2,5,0,0,0,5000,0.0,0.0,0.0,0.0,0.0,0,0,0,0,0,0,0,0,9961496,1.5,20.0,0,0,100,100,100,0,0.0,0.0,0.0,0.0,0.0,0,0,1324,35,0,0,0,0,0,7,7,7,0,0,0);
INSERT INTO "CardDataTable" VALUES(167,2100,0,0,0,2,5,0,167,0,0,0.0,0.0,0.0,0.0,0.0,0,0,0,0,0,0,0,0,9961483,1.2,20.0,0,0,100,95,105,0,0.0,0.0,0.0,0.0,0.0,0,0,42,546,0,0,0,0,0,7,7,7,0,0,0);
INSERT INTO "CardDataTable" VALUES(168,2000,113,113,440,1,7,0,168,0,3000,0.0,0.0,0.0,0.0,0.0,250,30,1,250,2,100,0,0,9961496,1.5,20.0,5,0,120,125,125,0,0.0,0.0,0.0,0.0,0.0,1,0,1004,1041,5,0,47,1,1,7,7,7,8,1,0);
INSERT INTO "CardDataTable" VALUES(169,101,0,0,0,0,0,0,0,0,300,3466.667,0.0,0.0,22.0,0.0,40,0,0,0,0,0,0,0,9961483,1.5,20.0,0,1,95,100,105,0,0.0,0.0,0.0,0.0,0.0,0,0,1011,581,0,0,0,0,0,7,7,7,1,0,0);
INSERT INTO "CardDataTable" VALUES(170,101,0,0,0,0,1,169,0,0,500,2872.5,0.0,0.0,27.5,0.0,100,0,0,0,0,0,0,0,9961483,1.5,20.0,1,2,103,105,102,0,0.0,0.0,0.0,0.0,0.0,0,0,1012,581,0,104,0,0,0,7,7,7,1,0,0);
INSERT INTO "CardDataTable" VALUES(171,10800,114,114,227,1,4,0,0,0,9900,0.117,0.0,0.0,0.092,2.097,500,30,2,100,3,50,0,0,9961496,1.5,20.0,6,3,121,133,116,0,0.0,0.0,0.0,0.0,0.0,1,2,1013,859,25,0,26,1,1,7,7,7,1,100,0);
INSERT INTO "CardDataTable" VALUES(172,100,39,39,39,1,2,0,0,0,1500,39.216,26.923,19.231,3.529,0.0,150,25,1,400,0,0,0,0,9961496,1.5,20.0,3,3,103,108,109,0,0.0,0.0,0.0,0.0,0.0,2,0,1020,597,0,0,30,0,0,7,7,7,1,0,55);
INSERT INTO "CardDataTable" VALUES(173,400,26,26,26,0,2,0,0,0,1500,39.216,26.923,19.231,3.529,0.0,300,25,2,40,0,0,0,0,9961483,1.5,20.0,3,3,108,109,113,0,0.0,0.0,0.0,0.0,0.0,0,0,1027,581,0,0,6,0,0,7,7,7,1,0,55);
INSERT INTO "CardDataTable" VALUES(174,10600,1,1,1,1,2,0,0,0,1500,39.216,26.923,19.231,3.529,0.0,150,25,2,80,0,0,0,0,9961496,1.5,20.0,3,3,107,106,107,0,0.0,0.0,0.0,0.0,0.0,0,1,1034,581,0,0,21,0,0,7,7,7,1,0,55);
INSERT INTO "CardDataTable" VALUES(175,1300,115,115,419,0,3,0,175,0,3000,0.0,0.0,0.0,0.0,0.0,750,30,2,45,0,0,0,0,9961483,1.5,20.0,5,3,115,120,115,0,0.0,0.0,0.0,0.0,0.0,0,0,1042,38,10,0,73,1,1,7,7,7,1,1,0);
INSERT INTO "CardDataTable" VALUES(176,1900,106,106,427,1,4,0,0,0,9900,0.0,0.0,0.0,0.0,0.0,500,30,2,100,3,50,0,0,9961496,1.5,20.0,6,3,125,129,111,0,0.0,0.0,0.0,0.0,0.0,0,2,1049,1056,0,0,68,1,1,7,7,7,1,3,0);
INSERT INTO "CardDataTable" VALUES(177,1600,118,118,241,1,4,0,0,0,9900,0.117,0.0,0.0,0.092,2.097,500,30,1,250,2,100,0,0,9961496,1.5,20.0,6,3,120,135,115,0,0.0,0.0,0.0,0.0,0.0,0,2,1057,1,10,0,65,1,1,7,7,7,1,100,0);
INSERT INTO "CardDataTable" VALUES(178,10000,117,117,208,1,4,0,0,0,5000,0.0,0.0,0.0,0.0,0.0,500,30,2,100,3,50,0,0,9961496,1.5,20.0,8,5,119,123,108,0,-248.0,-280.0,-620.0,-512.0,2.0,1,0,1064,917,0,0,66,1,1,7,7,7,1,3,0);
INSERT INTO "CardDataTable" VALUES(179,1500,120,120,230,1,4,0,0,0,9900,0.0,0.0,0.0,0.0,0.0,500,30,2,100,3,50,0,0,9961496,1.5,20.0,8,5,102,134,129,0,0.0,0.0,0.0,0.0,0.0,1,2,1071,17,0,0,72,1,1,7,7,7,1,3,0);
INSERT INTO "CardDataTable" VALUES(180,10000,26,26,203,1,3,0,0,0,3000,0.0,0.0,0.0,0.0,0.0,250,25,2,90,0,0,0,0,9961496,1.5,20.0,7,5,114,115,106,1,-340.0,-338.0,-844.0,-552.0,2.0,2,0,1078,857,0,0,71,1,1,7,7,7,1,1,0);
INSERT INTO "CardDataTable" VALUES(181,10900,122,122,169,1,5,0,0,0,12000,0.057,0.0,0.0,0.014,1.071,1000,30,1,300,2,120,0,0,9961495,1.5,20.0,7,3,132,138,130,0,0.0,0.0,0.0,0.0,0.0,0,1,1085,494,0,0,67,1,1,7,7,7,1,400,0);
INSERT INTO "CardDataTable" VALUES(182,100,41,41,221,1,4,0,0,0,9900,0.117,0.926,2.6,0.092,0.0,500,30,1,250,2,100,0,0,9961496,1.5,20.0,6,3,121,118,131,1,-340.0,-338.0,-844.0,-552.0,2.0,2,0,1092,38,0,0,70,1,1,7,7,7,1,100,0);
INSERT INTO "CardDataTable" VALUES(183,10600,95,95,276,1,4,0,0,0,5000,0.0,0.0,0.0,0.0,0.0,500,30,2,100,3,50,0,0,9961495,1.5,20.0,8,5,128,114,123,0,0.0,0.0,0.0,0.0,0.0,0,1,1099,27,0,0,29,1,1,7,7,7,1,3,0);
INSERT INTO "CardDataTable" VALUES(184,10400,124,124,184,1,4,0,0,0,9900,0.117,0.0,0.0,0.092,2.097,500,30,2,100,3,50,0,0,9961496,1.5,20.0,6,3,117,139,114,1,-340.0,-338.0,-844.0,-552.0,2.0,2,0,1106,1,0,0,58,1,1,7,7,7,1,100,0);
INSERT INTO "CardDataTable" VALUES(185,600,125,125,265,1,4,0,0,0,9900,0.0,0.0,0.0,0.0,0.0,500,30,2,70,3,70,0,0,9961496,1.5,20.0,8,5,124,112,129,0,-692.0,-206.0,-4.0,-202.0,2.0,1,2,1115,1,0,0,81,1,1,7,7,7,1,3,0);
INSERT INTO "CardDataTable" VALUES(186,11400,126,126,398,1,4,0,0,0,5000,0.0,0.0,0.0,0.0,0.0,500,30,1,250,2,100,0,0,9961495,1.5,20.0,8,5,124,102,134,0,0.0,0.0,0.0,0.0,0.0,0,1,1122,13,0,0,106,1,1,7,7,7,1,3,0);
INSERT INTO "CardDataTable" VALUES(187,1100,78,78,170,1,5,0,0,0,12000,0.057,0.0,0.0,0.014,1.071,1000,30,1,300,2,144,0,0,9961496,1.5,20.0,7,3,130,140,130,0,-692.0,-206.0,-4.0,-202.0,2.0,0,1,1129,12,20,128,76,1,1,7,7,7,1,400,0);
INSERT INTO "CardDataTable" VALUES(188,11500,128,128,128,1,5,0,0,0,12000,0.0,0.0,0.0,0.0,0.0,1000,30,2,120,3,60,0,0,9961496,1.5,20.0,7,5,150,125,125,0,-692.0,-206.0,-4.0,-202.0,2.0,0,0,1136,470,0,89,0,0,0,7,7,7,1,15,0);
INSERT INTO "CardDataTable" VALUES(189,1900,0,0,0,0,0,189,189,0,0,0.0,0.0,0.0,0.0,0.0,0,0,0,0,0,0,0,0,9961483,1.2,20.0,0,1,80,30,0,0,-692.0,-206.0,-4.0,-202.0,2.0,0,0,0,0,0,0,0,0,0,7,7,7,0,0,0);
INSERT INTO "CardDataTable" VALUES(190,10100,0,0,0,0,4,190,190,0,0,0.0,0.0,0.0,0.0,0.0,0,0,0,0,0,0,0,0,9961483,1.3,20.0,4,0,200,100,150,0,-692.0,-206.0,-4.0,-202.0,2.0,0,0,0,0,0,0,0,0,0,7,7,7,0,0,0);
INSERT INTO "CardDataTable" VALUES(191,500,129,129,342,1,7,0,191,0,3000,0.0,0.0,0.0,0.0,0.0,250,30,2,100,3,50,0,0,9961495,1.5,20.0,2,0,115,83,82,0,0.0,0.0,0.0,0.0,0.0,1,0,1143,1150,10,0,78,1,1,7,7,7,1,1,0);
INSERT INTO "CardDataTable" VALUES(192,11300,105,105,105,1,2,0,0,0,1500,39.216,26.923,19.231,3.529,0.0,150,30,2,80,0,0,0,0,9961496,1.5,20.0,3,3,107,110,103,0,0.0,0.0,0.0,0.0,0.0,2,1,1151,597,0,0,59,0,0,7,7,7,1,0,55);
INSERT INTO "CardDataTable" VALUES(193,2200,132,132,255,1,4,0,0,0,9900,0.117,0.0,0.0,0.092,2.097,500,30,2,100,3,50,0,0,9961495,1.5,20.0,6,3,120,125,125,0,0.0,0.0,0.0,0.0,0.0,1,0,1158,858,10,0,110,1,1,7,7,7,1,100,0);
INSERT INTO "CardDataTable" VALUES(194,13,0,0,0,2,5,0,0,0,5000,0.0,0.0,0.0,0.0,0.0,150000,0,0,0,0,0,0,0,9961496,1.5,20.0,0,0,100,100,100,0,0.0,0.0,0.0,0.0,0.0,0,0,1165,35,0,0,0,0,0,7,7,7,0,0,0);
INSERT INTO "CardDataTable" VALUES(195,11600,133,133,357,1,4,0,195,0,9900,0.0,0.0,0.0,0.0,0.0,500,30,1,250,2,100,0,0,9961495,1.5,20.0,8,5,120,125,115,0,0.0,0.0,0.0,0.0,0.0,0,0,1166,1201,0,0,141,1,1,7,7,7,1,3,0);
INSERT INTO "CardDataTable" VALUES(196,2300,0,0,0,2,5,0,0,0,0,0.0,0.0,0.0,0.0,0.0,0,0,0,0,0,0,0,0,9961483,1.5,20.0,0,0,100,100,100,0,0.0,0.0,0.0,0.0,0.0,0,0,0,0,0,0,0,0,0,7,7,7,9,0,0);
INSERT INTO "CardDataTable" VALUES(197,11200,6,7,429,1,3,0,0,0,3000,0.795,17.667,21.143,1.128,0.0,250,25,2,90,0,0,0,0,9961495,1.5,20.0,5,3,117,118,105,0,0.0,0.0,0.0,0.0,0.0,0,0,1173,17,5,95,91,1,1,7,7,7,1,20,0);
INSERT INTO "CardDataTable" VALUES(198,10300,135,135,413,1,4,0,0,0,5000,0.0,0.0,0.0,0.0,0.0,500,30,1,250,2,100,0,0,9961496,1.2,20.0,8,5,122,120,118,0,-628.0,-462.0,-104.0,-414.0,2.0,2,1,1180,25,10,95,90,1,1,7,7,7,1,3,0);
INSERT INTO "CardDataTable" VALUES(199,11300,21,22,252,1,3,0,0,0,3000,0.795,0.0,0.0,1.128,12.87,250,25,2,90,0,0,0,0,9961496,1.5,20.0,5,3,108,115,117,0,0.0,0.0,0.0,0.0,0.0,1,2,1187,27,0,0,94,1,1,7,7,7,1,20,0);
INSERT INTO "CardDataTable" VALUES(200,2400,134,134,247,1,4,0,0,0,9900,0.117,0.926,2.6,0.092,0.0,500,30,2,70,3,70,0,0,9961495,1.5,20.0,6,3,120,130,120,0,0.0,0.0,0.0,0.0,0.0,0,0,1194,17,15,0,1,1,1,7,7,7,1,100,0);
INSERT INTO "CardDataTable" VALUES(201,1500,136,136,171,1,5,0,0,0,12000,0.057,0.0,0.0,0.014,1.071,1000,30,1,300,2,120,0,0,9961495,1.5,20.0,7,3,135,131,134,0,0.0,0.0,0.0,0.0,0.0,0,0,1202,13,0,0,97,1,1,7,7,7,1,400,0);
INSERT INTO "CardDataTable" VALUES(202,1700,98,98,281,1,3,0,0,0,3000,0.0,0.0,0.0,0.0,0.0,250,30,1,450,0,0,0,0,9961495,1.5,20.0,5,3,108,121,111,0,0.0,0.0,0.0,0.0,0.0,0,0,1209,1244,25,0,96,1,1,7,7,7,7,1,0);
INSERT INTO "CardDataTable" VALUES(203,10300,92,92,418,1,3,0,0,0,3000,0.0,0.0,0.0,0.0,0.0,250,30,2,90,0,0,0,0,9961495,1.5,20.0,5,3,111,120,109,0,0.0,0.0,0.0,0.0,0.0,0,0,1216,960,10,0,98,1,1,7,7,7,1,1,0);
INSERT INTO "CardDataTable" VALUES(204,1400,90,90,90,0,2,0,0,0,1500,39.216,26.923,19.231,3.529,0.0,300,30,1,200,0,0,0,0,9961483,1.5,20.0,3,3,110,110,110,0,-628.0,-462.0,-104.0,-414.0,2.0,0,0,1223,581,0,0,47,0,0,7,7,7,1,0,55);
INSERT INTO "CardDataTable" VALUES(205,1600,118,118,118,0,2,0,0,0,1500,39.216,0.0,0.0,3.529,20.0,300,30,2,40,0,0,0,0,9961483,1.5,20.0,3,3,110,110,110,0,0.0,0.0,0.0,0.0,0.0,0,0,1230,581,10,0,59,0,0,7,7,7,1,0,55);
INSERT INTO "CardDataTable" VALUES(206,1700,98,98,98,1,2,0,0,0,1500,39.216,26.923,19.231,3.529,0.0,150,30,2,80,0,0,0,0,9961495,1.5,20.0,3,3,110,94,116,0,0.0,0.0,0.0,0.0,0.0,0,0,1237,470,20,0,96,0,0,7,7,7,7,0,55);
INSERT INTO "CardDataTable" VALUES(207,300,70,70,319,1,4,0,0,0,5000,0.0,0.0,0.0,0.0,0.0,500,30,1,500,2,50,0,0,9961496,1.5,20.0,7,5,105,93,97,0,0.0,0.0,0.0,0.0,0.0,1,2,1245,24,10,0,2,1,1,7,7,7,1,3,0);
INSERT INTO "CardDataTable" VALUES(208,1600,101,101,243,1,3,0,0,0,3000,0.795,17.667,21.143,1.128,0.0,250,30,2,90,0,0,0,0,9961496,1.5,20.0,5,3,114,118,108,0,0.0,0.0,0.0,0.0,0.0,0,2,1252,1259,10,0,30,1,1,7,7,7,1,20,0);
INSERT INTO "CardDataTable" VALUES(209,1200,137,137,172,1,5,0,0,0,12000,0.057,0.0,0.0,0.014,1.071,1000,30,2,120,3,80,0,0,9961496,1.5,20.0,7,3,135,136,129,0,0.0,0.0,0.0,0.0,0.0,1,0,1260,546,20,6,100,1,1,7,7,7,1,400,0);
INSERT INTO "CardDataTable" VALUES(210,1200,139,139,139,1,4,210,210,210,0,0.0,0.0,0.0,0.0,0.0,0,0,0,0,0,0,0,0,9961483,1.5,20.0,7,3,30,170,160,0,0.0,0.0,0.0,0.0,0.0,0,0,0,546,20,0,0,1,1,7,7,7,1,0,0);
INSERT INTO "CardDataTable" VALUES(211,1200,138,138,278,1,4,0,0,0,9900,0.0,0.0,0.0,0.0,0.0,500,30,1,350,2,70,0,0,9961495,1.5,20.0,8,5,124,119,122,0,0.0,0.0,0.0,0.0,0.0,2,1,1267,38,10,0,5,1,1,7,7,7,1,3,0);
INSERT INTO "CardDataTable" VALUES(212,11400,104,104,399,1,4,0,0,0,5000,0.0,0.0,0.0,0.0,0.0,100,30,1,350,4,10,0,0,9961495,1.5,20.0,8,5,119,114,117,0,0.0,0.0,0.0,0.0,0.0,0,1,1274,2,0,0,30,1,1,7,7,7,1,3,0);
INSERT INTO "CardDataTable" VALUES(213,2400,140,140,173,1,5,0,0,0,12000,0.057,0.5,0.882,0.014,0.0,1000,30,2,84,3,84,0,0,9961495,1.5,20.0,7,3,136,142,122,0,0.0,0.0,0.0,0.0,0.0,0,2,1282,1281,20,0,109,1,1,7,7,7,1,400,0);
INSERT INTO "CardDataTable" VALUES(214,600,12,13,264,1,4,0,0,0,5000,0.0,0.0,0.0,0.0,0.0,500,30,1,500,2,50,0,0,9961496,1.5,20.0,8,5,119,120,126,0,-692.0,-206.0,-4.0,-202.0,2.0,1,0,1289,17,0,0,101,1,1,7,7,7,1,3,0);
INSERT INTO "CardDataTable" VALUES(215,2200,130,130,130,1,2,0,0,0,1500,39.216,26.923,19.231,3.529,0.0,150,30,3,80,0,0,0,0,9961495,1.5,20.0,3,3,105,110,105,0,0.0,0.0,0.0,0.0,0.0,1,2,1296,18,10,0,30,0,0,7,7,7,1,0,55);
INSERT INTO "CardDataTable" VALUES(216,11700,141,141,141,1,7,0,216,0,3000,0.0,0.0,0.0,0.0,0.0,250,30,2,70,3,70,0,0,9961495,1.5,20.0,6,3,115,120,115,0,0.0,0.0,0.0,0.0,0.0,2,1,1303,1325,10,0,196,1,1,7,7,7,1,1,0);
INSERT INTO "CardDataTable" VALUES(217,2200,131,131,257,1,3,0,0,0,3000,0.795,17.667,21.143,1.128,0.0,250,30,2,90,0,0,0,0,9961495,1.5,20.0,5,3,116,111,113,0,0.0,0.0,0.0,0.0,0.0,1,2,1310,1326,10,0,30,1,1,7,7,7,1,20,0);
INSERT INTO "CardDataTable" VALUES(218,11200,7,8,431,1,4,0,0,0,9900,0.117,0.926,2.6,0.092,0.0,500,25,1,250,2,100,0,0,9961495,1.5,20.0,6,3,122,129,119,0,0.0,0.0,0.0,0.0,0.0,1,0,1317,6,5,0,102,1,1,7,7,7,1,100,0);
INSERT INTO "CardDataTable" VALUES(219,10200,143,143,174,1,5,0,0,0,12000,0.0,0.0,0.0,0.0,0.0,1000,30,2,120,3,60,0,0,9961495,1.5,20.0,9,5,126,137,122,0,-634.0,-204.0,-594.0,-514.0,2.0,1,0,1327,470,0,0,105,1,1,7,7,7,1,15,0);
INSERT INTO "CardDataTable" VALUES(220,2120,0,0,0,2,5,0,220,220,0,0.0,0.0,0.0,0.0,0.0,0,0,0,0,0,0,0,0,9961483,1.2,20.0,0,0,100,100,100,0,0.0,0.0,0.0,0.0,0.0,0,0,42,761,0,0,0,0,0,7,7,7,0,0,0);
INSERT INTO "CardDataTable" VALUES(221,11600,145,145,358,1,4,0,221,0,9900,0.117,0.0,0.0,0.092,2.097,500,30,2,100,3,50,0,0,9961495,1.5,20.0,6,3,124,136,110,0,0.0,0.0,0.0,0.0,0.0,2,0,1334,1348,0,0,142,1,1,7,7,7,1,100,0);
INSERT INTO "CardDataTable" VALUES(222,2500,144,144,409,1,4,0,0,0,5000,0.0,0.0,0.0,0.0,0.0,500,30,1,350,2,70,0,0,9961495,1.5,20.0,8,5,120,120,125,0,0.0,0.0,0.0,0.0,0.0,1,2,1341,35,0,0,29,1,1,7,7,7,1,3,0);
INSERT INTO "CardDataTable" VALUES(223,200,146,146,175,1,5,0,0,0,12000,0.057,0.5,0.882,0.014,0.0,1000,30,2,84,3,84,0,0,9961495,1.5,20.0,9,3,132,147,121,0,-452.0,-404.0,-142.0,-614.0,2.0,1,0,1349,1113,0,107,108,1,1,7,7,7,1,400,0);
INSERT INTO "CardDataTable" VALUES(224,2600,147,147,383,1,4,0,0,0,9900,0.117,0.0,0.0,0.092,2.097,500,30,1,250,2,100,0,0,9961495,1.5,20.0,6,3,120,130,120,0,-452.0,-404.0,-142.0,-614.0,2.0,1,0,1356,1114,0,0,1,1,1,7,7,7,1,100,0);
INSERT INTO "CardDataTable" VALUES(225,11800,148,148,444,1,4,0,225,0,9900,0.0,0.0,0.0,0.0,0.0,500,30,2,70,3,70,0,0,9961496,1.5,20.0,8,5,85,140,115,0,-452.0,-404.0,-142.0,-614.0,2.0,1,0,1363,1113,5,0,170,1,1,7,7,7,5,3,0);
INSERT INTO "CardDataTable" VALUES(226,11900,0,0,0,2,5,0,226,226,0,0.0,0.0,0.0,0.0,0.0,0,0,0,0,0,0,0,0,9961501,1.5,20.0,0,0,100,100,100,0,-452.0,-404.0,-142.0,-614.0,2.0,0,0,42,546,0,0,0,0,0,7,7,7,0,0,0);
INSERT INTO "CardDataTable" VALUES(227,12000,35,35,400,1,4,0,0,0,5000,0.0,0.0,0.0,0.0,0.0,500,30,1,350,2,70,0,0,9961496,1.5,20.0,8,5,120,120,125,0,-248.0,-280.0,-620.0,-512.0,2.0,0,0,1370,917,0,0,27,1,1,7,7,7,1,3,0);
INSERT INTO "CardDataTable" VALUES(228,12100,31,31,355,1,3,0,0,0,3000,0.795,0.0,0.0,1.128,12.87,250,30,2,90,0,0,0,0,9961496,1.5,20.0,5,3,110,122,108,0,0.0,0.0,0.0,0.0,0.0,0,1,1377,581,0,0,141,1,1,7,7,7,1,20,0);
INSERT INTO "CardDataTable" VALUES(229,2700,0,0,0,1,5,0,229,229,0,0.0,0.0,0.0,0.0,0.0,0,0,0,0,0,0,0,0,9961501,1.5,20.0,0,0,100,100,100,0,0.0,0.0,0.0,0.0,0.0,0,0,42,546,0,0,0,0,0,7,7,7,0,0,0);
INSERT INTO "CardDataTable" VALUES(230,2710,0,0,0,1,5,229,229,229,0,0.0,0.0,0.0,0.0,0.0,0,0,0,0,0,0,0,0,9961501,1.5,20.0,0,0,100,100,100,0,0.0,0.0,0.0,0.0,0.0,0,0,42,546,0,0,0,0,0,7,7,7,0,0,0);
INSERT INTO "CardDataTable" VALUES(231,10400,149,149,187,1,3,0,0,0,3000,0.0,0.0,0.0,0.0,0.0,250,30,2,90,0,0,0,0,9961495,1.5,20.0,5,3,111,120,109,0,0.0,0.0,0.0,0.0,0.0,1,0,1384,1391,0,0,26,1,1,7,7,7,1,1,0);
INSERT INTO "CardDataTable" VALUES(232,10600,150,150,176,1,5,0,0,0,12000,0.057,0.5,0.882,0.014,0.0,1000,30,2,120,6,15,0,0,9961495,1.5,20.0,7,3,130,135,135,0,0.0,0.0,0.0,0.0,0.0,2,0,1392,38,0,132,49,1,1,7,7,7,1,400,0);
INSERT INTO "CardDataTable" VALUES(233,2800,151,151,351,1,7,0,233,0,3000,0.0,0.0,0.0,0.0,0.0,250,30,1,350,2,70,0,0,9961495,1.5,20.0,3,0,110,100,110,0,0.0,0.0,0.0,0.0,0.0,1,2,1399,1150,0,111,114,1,1,7,7,7,1,1,0);
INSERT INTO "CardDataTable" VALUES(234,14,177,177,177,2,5,0,0,0,5000,0.0,0.0,0.0,0.0,0.0,0,0,0,0,0,0,0,0,9961496,1.5,20.0,0,0,100,100,100,0,0.0,0.0,0.0,0.0,0.0,0,0,1428,35,0,0,0,0,0,7,7,7,0,0,0);
INSERT INTO "CardDataTable" VALUES(235,10000,31,31,31,1,2,0,0,0,1500,39.216,26.923,19.231,3.529,0.0,150,30,2,80,0,0,0,0,9961495,1.5,20.0,3,3,110,104,106,0,0.0,0.0,0.0,0.0,0.0,2,0,1406,597,0,0,20,0,0,7,7,7,1,0,55);
INSERT INTO "CardDataTable" VALUES(236,801,0,0,0,0,1,141,0,0,500,2872.5,0.0,0.0,27.5,0.0,100,0,0,0,0,0,0,0,9961483,1.5,20.0,1,2,106,103,101,0,0.0,0.0,0.0,0.0,0.0,0,0,1413,579,0,104,0,0,0,7,7,7,1,0,0);
INSERT INTO "CardDataTable" VALUES(237,1000,1,1,1,0,2,0,0,0,1500,39.216,26.923,19.231,3.529,0.0,300,30,1,200,0,0,0,0,9961483,1.5,20.0,3,3,103,125,102,0,0.0,0.0,0.0,0.0,0.0,0,0,1414,579,0,0,115,0,0,7,7,7,1,0,55);
INSERT INTO "CardDataTable" VALUES(238,10800,114,114,114,0,2,0,0,0,1500,39.216,0.0,0.0,3.529,20.0,300,30,2,40,0,0,0,0,9961483,1.5,20.0,3,3,110,110,110,0,0.0,0.0,0.0,0.0,0.0,0,0,1421,581,15,0,122,0,0,7,7,7,1,0,55);
INSERT INTO "CardDataTable" VALUES(239,2900,178,178,476,1,4,0,239,0,9900,0.0,0.0,0.0,0.0,0.0,500,30,1,350,2,70,0,0,9961496,1.5,20.0,8,5,125,120,120,0,0.0,0.0,0.0,0.0,0.0,2,0,1429,38,0,0,92,1,1,7,7,7,4,3,0);
INSERT INTO "CardDataTable" VALUES(240,10700,179,179,182,1,5,0,0,0,12000,0.057,0.5,0.882,0.014,0.0,1000,30,2,120,3,60,0,0,9961495,1.5,20.0,7,3,135,142,123,0,0.0,0.0,0.0,0.0,0.0,1,0,1436,17,0,0,112,1,1,7,7,7,1,400,0);
INSERT INTO "CardDataTable" VALUES(241,2500,181,181,412,0,3,0,0,0,3000,0.0,0.0,0.0,0.0,0.0,750,30,1,225,0,0,0,0,9961483,1.5,20.0,5,3,110,130,110,0,0.0,0.0,0.0,0.0,0.0,0,0,1443,546,0,0,47,1,1,7,7,7,1,1,0);
INSERT INTO "CardDataTable" VALUES(242,800,1,1,1,1,2,0,0,0,1500,39.216,26.923,19.231,3.529,0.0,150,30,3,80,0,0,0,0,9961496,1.5,20.0,3,3,103,108,109,0,0.0,0.0,0.0,0.0,0.0,2,0,1450,857,0,0,101,0,0,7,7,7,1,0,55);
INSERT INTO "CardDataTable" VALUES(243,2000,113,113,441,1,4,0,243,0,9900,0.117,0.926,2.6,0.092,0.0,500,30,2,100,3,50,0,0,9961496,1.5,20.0,6,3,140,130,110,0,0.0,0.0,0.0,0.0,0.0,0,1,1457,470,5,0,113,1,1,7,7,7,8,100,0);
INSERT INTO "CardDataTable" VALUES(244,1000,190,190,191,1,5,0,0,0,12000,0.0,0.0,0.0,0.0,0.0,1000,30,2,84,3,84,0,0,9961495,1.5,20.0,9,5,135,137,123,0,0.0,0.0,0.0,0.0,0.0,0,0,1464,597,0,115,116,1,1,7,7,7,1,15,0);
INSERT INTO "CardDataTable" VALUES(245,10100,195,195,196,1,5,0,0,0,12000,0.057,0.5,0.882,0.014,0.0,1000,30,2,120,4,17,0,0,9961496,1.5,20.0,7,3,135,136,129,0,0.0,0.0,0.0,0.0,0.0,0,1,1471,1485,25,131,119,1,1,7,7,7,1,400,0);
INSERT INTO "CardDataTable" VALUES(246,200,197,197,198,1,4,0,0,0,5000,0.0,0.0,0.0,0.0,0.0,500,30,1,350,2,70,0,0,9961495,1.5,20.0,8,5,113,119,123,0,0.0,0.0,0.0,0.0,0.0,0,0,1478,859,0,0,121,1,1,7,7,7,1,3,0);
INSERT INTO "CardDataTable" VALUES(247,12000,209,209,401,1,4,0,0,0,9900,0.117,0.926,2.6,0.092,0.0,500,30,2,100,3,50,0,0,9961496,1.5,20.0,6,3,130,126,114,0,0.0,0.0,0.0,0.0,0.0,2,0,1486,1493,0,0,126,1,1,7,7,7,1,100,0);
INSERT INTO "CardDataTable" VALUES(248,3000,210,210,210,1,4,0,248,0,9900,0.0,0.0,0.0,0.0,0.0,500,30,2,70,3,70,0,0,9961496,1.5,20.0,8,5,125,120,125,0,0.0,0.0,0.0,0.0,0.0,0,0,1494,581,0,0,101,1,1,7,7,7,1,3,0);
INSERT INTO "CardDataTable" VALUES(249,1400,2,3,216,1,3,0,0,0,3000,0.795,17.667,21.143,1.128,0.0,250,30,2,50,3,50,0,0,9961496,1.5,20.0,5,3,120,110,110,0,0.0,0.0,0.0,0.0,0.0,0,2,1501,1244,0,0,30,1,1,7,7,7,1,20,0);
INSERT INTO "CardDataTable" VALUES(250,10,0,0,0,4,5,0,0,0,5000,0.0,0.0,0.0,0.0,0.0,5000,0,0,0,0,0,0,0,9961483,1.5,20.0,0,0,100,100,100,0,0.0,0.0,0.0,0.0,0.0,0,0,1508,580,0,0,0,0,0,7,7,7,0,0,0);
INSERT INTO "CardDataTable" VALUES(251,2600,32,33,224,1,5,0,0,0,12000,0.057,0.5,0.882,0.014,0.0,1000,30,2,120,3,60,0,0,9961496,1.5,20.0,7,3,133,142,125,0,0.0,0.0,0.0,0.0,0.0,1,0,1509,16,0,123,124,1,1,7,7,7,1,400,0);
INSERT INTO "CardDataTable" VALUES(252,2500,222,222,410,1,4,0,0,0,9900,0.117,0.926,2.6,0.092,0.0,500,30,2,100,3,50,0,0,9961496,1.5,20.0,6,3,126,126,118,0,0.0,0.0,0.0,0.0,0.0,2,0,1516,858,0,0,21,1,1,7,7,7,1,100,0);
INSERT INTO "CardDataTable" VALUES(253,10800,223,223,228,1,4,0,0,0,9900,0.0,0.0,0.0,0.0,0.0,500,30,1,350,2,70,0,0,9961495,1.5,20.0,8,5,106,138,121,0,0.0,0.0,0.0,0.0,0.0,0,2,1523,470,25,0,122,1,1,7,7,7,1,3,0);
INSERT INTO "CardDataTable" VALUES(254,12200,116,116,347,1,3,0,0,0,3000,0.795,17.667,21.143,1.128,0.0,250,30,2,90,0,0,0,0,9961496,1.5,20.0,5,3,120,110,110,0,0.0,0.0,0.0,0.0,0.0,2,0,1530,917,0,0,30,1,1,7,7,7,1,20,0);
INSERT INTO "CardDataTable" VALUES(255,2200,229,229,256,1,4,0,0,0,9900,0.0,0.0,0.0,0.0,0.0,500,30,2,70,3,70,0,0,9961495,1.5,20.0,8,5,125,120,120,0,0.0,0.0,0.0,0.0,0.0,1,0,1537,1544,15,0,125,1,1,7,7,7,1,3,0);
INSERT INTO "CardDataTable" VALUES(256,2400,134,134,246,1,3,0,0,0,3000,0.0,0.0,0.0,0.0,0.0,250,30,3,90,0,0,0,0,9961496,1.5,20.0,5,3,111,131,113,0,0.0,0.0,0.0,0.0,0.0,2,0,1545,1552,15,0,47,1,1,7,7,7,6,1,0);
INSERT INTO "CardDataTable" VALUES(257,11800,92,92,445,1,3,0,257,0,3000,0.795,17.667,74.0,1.128,0.0,250,30,2,90,0,0,0,0,9961495,1.5,20.0,5,3,110,128,102,0,-452.0,-404.0,-142.0,-614.0,2.0,0,1,1553,15,0,0,169,1,1,7,7,7,1,20,0);
INSERT INTO "CardDataTable" VALUES(258,12300,237,237,388,1,4,0,0,0,9900,0.117,0.926,2.6,0.092,0.0,500,30,2,100,3,50,0,0,9961496,1.5,20.0,6,3,125,125,120,0,0.0,0.0,0.0,0.0,0.0,1,0,1560,24,10,0,27,1,1,7,7,7,1,100,0);
INSERT INTO "CardDataTable" VALUES(259,3000,238,238,238,1,4,0,259,0,9900,0.0,0.0,0.0,0.0,0.0,500,30,2,70,3,70,0,0,9961495,1.5,20.0,8,5,130,122,113,0,-452.0,-404.0,-142.0,-614.0,2.0,0,1,1567,960,0,0,47,1,1,7,7,7,1,3,0);
INSERT INTO "CardDataTable" VALUES(260,1800,245,245,324,1,7,0,0,0,3000,0.0,0.0,0.0,0.0,0.0,250,30,2,70,3,70,0,0,9961496,1.5,20.0,5,3,118,116,116,0,0.0,0.0,0.0,0.0,0.0,1,0,1574,27,0,0,136,1,1,7,7,7,1,1,0);
INSERT INTO "CardDataTable" VALUES(261,100,239,239,244,1,5,0,0,0,12000,0.057,0.5,0.882,0.014,0.0,1000,30,2,84,3,84,0,0,9961495,1.5,20.0,7,3,141,130,134,0,-452.0,-404.0,-142.0,-614.0,2.0,0,2,1581,1602,0,134,135,1,1,7,7,7,1,400,0);
INSERT INTO "CardDataTable" VALUES(262,12400,249,249,376,1,7,0,262,0,3000,0.0,0.0,0.0,0.0,0.0,250,30,1,350,2,70,0,0,9961496,1.5,20.0,5,3,110,120,120,0,0.0,0.0,0.0,0.0,0.0,1,0,1588,1603,0,0,148,1,1,7,7,7,2,1,0);
INSERT INTO "CardDataTable" VALUES(263,3100,0,0,0,2,5,0,0,0,0,0.0,0.0,0.0,0.0,0.0,0,30,0,0,0,0,0,0,9961501,1.5,20.0,0,0,100,100,100,0,0.0,0.0,0.0,0.0,0.0,0,0,42,546,0,0,0,0,0,7,7,7,0,0,0);
INSERT INTO "CardDataTable" VALUES(264,11300,248,248,250,1,4,0,0,0,5000,0.0,0.0,0.0,0.0,0.0,500,30,2,70,3,70,0,0,9961496,1.5,20.0,8,5,124,116,125,0,0.0,0.0,0.0,0.0,0.0,0,1,1595,1604,0,0,137,1,1,7,7,7,1,3,0);
INSERT INTO "CardDataTable" VALUES(265,3000,254,254,254,1,4,0,265,0,9900,0.117,0.926,2.6,0.092,0.0,500,30,2,100,3,50,0,0,9961495,1.5,20.0,6,3,127,119,124,0,0.0,0.0,0.0,0.0,0.0,2,0,1605,1612,0,0,203,1,1,7,7,7,1,100,0);
INSERT INTO "CardDataTable" VALUES(266,12500,258,258,258,1,4,0,0,0,9900,0.0,0.0,0.0,0.0,0.0,500,30,1,350,2,70,0,0,9961496,1.5,20.0,8,5,125,120,120,0,0.0,0.0,0.0,0.0,0.0,1,0,1613,546,0,0,0,0,0,7,7,7,1,3,0);
INSERT INTO "CardDataTable" VALUES(267,10500,259,259,329,1,4,0,267,0,9900,0.117,0.0,0.0,0.092,2.097,500,30,1,250,2,100,0,0,9961495,1.5,20.0,6,3,121,126,123,0,0.0,0.0,0.0,0.0,0.0,2,0,1620,546,0,0,140,1,1,7,7,7,3,100,0);
INSERT INTO "CardDataTable" VALUES(268,1900,261,261,428,1,4,0,0,0,5000,0.0,0.0,0.0,0.0,0.0,500,30,2,70,3,70,0,0,9961496,1.5,20.0,8,5,119,126,120,0,0.0,0.0,0.0,0.0,0.0,0,2,1627,35,0,0,143,1,1,7,7,7,1,3,0);
INSERT INTO "CardDataTable" VALUES(269,2320,0,0,0,2,5,0,0,0,0,0.0,0.0,0.0,0.0,0.0,0,0,0,0,0,0,0,0,9961483,1.5,20.0,0,0,100,100,100,0,0.0,0.0,0.0,0.0,0.0,0,0,0,0,0,0,0,0,0,7,7,7,9,0,0);
INSERT INTO "CardDataTable" VALUES(270,13,0,0,0,2,5,0,0,0,5000,0.0,0.0,0.0,0.0,0.0,150000,0,0,0,0,0,0,0,9961496,1.5,20.0,0,0,100,100,100,0,0.0,0.0,0.0,0.0,0.0,0,0,1634,35,0,0,0,0,0,7,7,7,0,0,0);
INSERT INTO "CardDataTable" VALUES(271,600,13,13,267,1,5,0,0,0,12000,0.057,0.5,0.882,0.014,0.0,1000,30,1,300,2,120,0,0,9961496,1.5,20.0,7,3,134,140,126,0,-692.0,-206.0,-4.0,-202.0,2.0,1,0,1635,1113,0,138,139,1,1,7,7,7,1,400,0);
INSERT INTO "CardDataTable" VALUES(272,12200,269,269,348,1,4,0,0,0,9900,0.117,0.926,2.6,0.092,0.0,500,30,1,250,2,100,0,0,9961495,1.5,20.0,6,3,130,125,115,0,0.0,0.0,0.0,0.0,0.0,2,0,1642,859,0,0,145,1,1,7,7,7,1,100,0);
INSERT INTO "CardDataTable" VALUES(273,3200,268,268,375,1,7,0,273,0,3000,0.0,0.0,0.0,0.0,0.0,250,30,2,70,3,70,0,0,9961496,1.5,20.0,4,0,125,110,115,0,0.0,0.0,0.0,0.0,0.0,2,0,1649,1150,10,0,146,1,1,7,7,7,1,1,0);
INSERT INTO "CardDataTable" VALUES(274,500,270,270,270,1,2,0,0,0,1500,39.216,26.923,19.231,3.529,0.0,150,30,2,80,0,0,0,0,9961496,1.5,20.0,3,3,110,110,110,0,-692.0,-206.0,-4.0,-202.0,2.0,1,0,1656,27,10,144,219,0,0,7,7,7,1,0,55);
INSERT INTO "CardDataTable" VALUES(275,11200,273,273,432,1,4,0,0,0,9900,0.0,0.0,0.0,0.0,0.0,500,30,1,350,2,70,0,0,9961495,1.5,20.0,8,5,123,127,115,0,0.0,0.0,0.0,0.0,0.0,2,0,1663,1391,5,0,147,1,1,7,7,7,1,3,0);
INSERT INTO "CardDataTable" VALUES(276,12300,237,237,387,1,3,0,0,0,3000,0.0,0.0,0.0,0.0,0.0,250,30,2,90,0,0,0,0,9961496,1.5,20.0,5,3,140,110,100,0,0.0,0.0,0.0,0.0,0.0,1,0,1670,10,10,0,47,1,1,7,7,7,1,1,0);
INSERT INTO "CardDataTable" VALUES(277,3120,0,0,0,2,5,0,0,0,0,0.0,0.0,0.0,0.0,0.0,0,0,0,0,0,0,0,0,9961501,1.5,20.0,0,0,100,100,100,0,0.0,0.0,0.0,0.0,0.0,0,0,42,546,0,0,0,0,0,7,7,7,0,0,0);
INSERT INTO "CardDataTable" VALUES(278,12600,279,279,279,1,5,0,0,0,0,0.0,0.0,0.0,0.0,0.0,0,0,0,0,0,0,0,0,9961496,1.5,20.0,7,3,100,100,100,0,-692.0,-206.0,-4.0,-202.0,2.0,0,0,42,546,30,0,0,0,0,7,7,7,9,0,0);
INSERT INTO "CardDataTable" VALUES(279,3300,0,0,0,2,5,0,0,0,0,0.0,0.0,0.0,0.0,0.0,0,0,0,0,0,0,0,0,9961501,1.5,20.0,4,0,100,100,100,0,0.0,0.0,0.0,0.0,0.0,0,0,42,546,20,0,0,0,0,7,7,7,9,0,0);
INSERT INTO "CardDataTable" VALUES(280,3000,282,282,282,1,7,0,280,0,3000,0.0,0.0,0.0,0.0,0.0,250,30,1,350,2,70,0,0,9961496,1.5,20.0,2,0,106,104,100,0,-452.0,-404.0,-142.0,-614.0,2.0,0,1,1677,470,0,0,33,1,1,7,7,7,1,1,0);
INSERT INTO "CardDataTable" VALUES(281,12700,283,283,465,1,4,0,281,0,9900,0.117,0.926,2.6,0.092,0.0,500,30,2,100,3,50,0,0,9961495,1.5,20.0,6,3,122,128,120,0,-692.0,-206.0,-4.0,-202.0,2.0,2,0,1684,1708,5,0,179,1,1,7,7,7,1,100,0);
INSERT INTO "CardDataTable" VALUES(282,1600,101,101,101,1,2,0,0,0,1500,39.216,26.923,19.231,3.529,0.0,150,30,2,80,0,0,0,0,9961496,1.5,20.0,3,3,109,106,105,0,0.0,0.0,0.0,0.0,0.0,1,0,1691,1706,10,0,1,0,0,7,7,7,1,0,55);
INSERT INTO "CardDataTable" VALUES(283,10800,83,83,83,1,2,0,0,0,1500,39.216,26.923,19.231,3.529,0.0,150,30,2,80,0,0,0,0,9961495,1.5,20.0,3,3,113,105,102,0,-452.0,-404.0,-142.0,-614.0,2.0,0,1,1698,917,15,0,9,0,0,7,7,7,1,0,55);
INSERT INTO "CardDataTable" VALUES(284,10101,0,0,0,0,1,0,0,0,500,2872.5,0.0,0.0,27.5,0.0,100,0,0,0,0,0,0,0,9961483,1.5,20.0,1,2,105,104,101,0,0.0,0.0,0.0,0.0,0.0,0,0,1705,1707,10,104,0,0,0,7,7,7,1,0,0);
INSERT INTO "CardDataTable" VALUES(285,2600,22,23,385,1,4,0,0,0,9900,0.117,0.926,17.5,0.092,0.0,500,30,2,100,3,50,0,0,9961495,1.5,20.0,6,3,124,128,118,0,-452.0,-404.0,-142.0,-614.0,2.0,1,0,1709,858,0,0,149,1,1,7,7,7,1,100,0);
INSERT INTO "CardDataTable" VALUES(286,1100,284,284,295,1,4,0,0,0,5000,0.0,0.0,0.0,0.0,0.0,500,30,2,70,3,70,0,0,9961496,1.5,20.0,8,5,115,127,123,0,-692.0,-206.0,-4.0,-202.0,2.0,0,1,1716,1723,15,0,150,1,1,7,7,7,1,3,0);
INSERT INTO "CardDataTable" VALUES(287,101,0,0,0,0,1,0,0,0,500,2872.5,0.0,0.0,27.5,0.0,70,0,0,0,0,0,0,0,9961483,1.5,20.0,1,2,103,102,105,0,0.0,0.0,0.0,0.0,0.0,0,0,1724,1707,0,0,0,0,0,7,7,7,1,0,0);
INSERT INTO "CardDataTable" VALUES(288,1400,288,288,289,1,5,0,0,0,12000,0.057,0.5,0.882,0.014,0.0,1000,30,2,144,3,60,0,0,9961496,1.5,20.0,7,3,145,135,120,0,0.0,0.0,0.0,0.0,0.0,0,2,1725,1732,0,151,152,1,1,7,7,7,1,400,0);
INSERT INTO "CardDataTable" VALUES(289,12100,117,117,354,1,4,0,0,0,9900,0.0,0.0,0.0,0.0,0.0,500,30,2,140,0,0,0,0,9961496,1.5,20.0,8,5,118,120,127,0,0.0,0.0,0.0,0.0,0.0,2,1,1733,1740,0,0,20,1,1,7,7,7,1,3,0);
INSERT INTO "CardDataTable" VALUES(290,15,210,0,0,2,4,0,0,0,3000,0.0,0.0,0.0,0.0,0.0,0,0,0,0,0,0,0,0,9961496,1.5,20.0,0,0,100,100,100,0,0.0,0.0,0.0,0.0,0.0,0,0,1741,35,0,0,0,0,0,7,7,7,0,0,0);
INSERT INTO "CardDataTable" VALUES(291,10200,301,301,314,1,4,0,0,0,5000,0.0,0.0,0.0,0.0,0.0,500,30,1,250,2,100,0,0,9961496,1.5,20.0,8,5,109,130,126,0,-764.0,-538.0,-296.0,-612.0,2.0,2,0,1742,1756,0,0,155,1,1,7,7,7,1,3,0);
INSERT INTO "CardDataTable" VALUES(292,2800,302,302,349,1,4,0,292,0,9900,0.117,0.926,2.6,0.092,0.0,500,30,1,350,2,70,0,0,9961495,1.5,20.0,6,3,125,130,115,0,0.0,0.0,0.0,0.0,0.0,1,2,1749,1201,10,153,154,1,1,7,7,7,1,100,0);
INSERT INTO "CardDataTable" VALUES(293,2720,0,0,0,1,5,229,0,0,0,0.0,0.0,0.0,0.0,0.0,0,0,0,0,0,0,0,0,9961501,1.5,20.0,0,0,100,100,100,0,0.0,0.0,0.0,0.0,0.0,0,0,42,546,0,0,0,0,0,7,7,7,0,0,0);
INSERT INTO "CardDataTable" VALUES(294,500,303,303,341,1,4,0,294,0,9900,0.0,0.0,0.0,0.0,0.0,500,30,2,70,3,70,0,0,9961496,1.5,20.0,6,3,127,119,124,0,-692.0,-206.0,-4.0,-202.0,2.0,1,0,1757,1764,10,0,156,1,1,7,7,7,1,3,0);
INSERT INTO "CardDataTable" VALUES(295,10300,21,21,21,1,2,0,0,0,1500,39.216,26.923,19.231,3.529,0.0,150,30,2,80,0,0,0,0,9961495,1.5,20.0,3,3,104,116,100,0,0.0,0.0,0.0,0.0,0.0,0,1,1765,857,10,0,27,0,0,7,7,7,1,0,55);
INSERT INTO "CardDataTable" VALUES(296,12000,1,1,1,1,2,0,0,0,1500,39.216,26.923,19.231,3.529,0.0,150,30,2,80,0,0,0,0,9961496,1.5,20.0,3,3,107,113,100,0,0.0,0.0,0.0,0.0,0.0,2,0,1772,1779,0,0,26,0,0,7,7,7,1,0,55);
INSERT INTO "CardDataTable" VALUES(297,3400,316,316,377,1,5,0,297,0,12000,0.057,0.5,0.882,0.014,0.0,1000,30,2,120,3,60,0,0,9961495,1.5,20.0,7,3,135,135,130,0,0.0,0.0,0.0,0.0,0.0,0,1,1780,761,15,1,173,1,1,7,7,7,1,400,0);
INSERT INTO "CardDataTable" VALUES(298,10800,223,223,330,1,5,0,0,0,12000,0.0,0.0,0.0,0.0,0.0,1000,30,1,300,2,120,0,0,9961496,1.5,20.0,9,5,128,131,136,0,0.0,0.0,0.0,0.0,0.0,2,0,1787,960,30,133,33,1,1,7,7,7,1,15,0);
INSERT INTO "CardDataTable" VALUES(299,200,322,322,322,1,2,0,0,0,1500,39.216,26.923,19.231,3.529,0.0,150,30,1,400,0,0,0,0,9961495,1.5,20.0,3,3,105,110,105,0,0.0,0.0,0.0,0.0,0.0,0,1,1794,1810,0,0,6,0,0,7,7,7,1,0,55);
INSERT INTO "CardDataTable" VALUES(300,2600,1,1,1,1,2,0,0,0,1500,39.216,26.923,19.231,3.529,0.0,150,30,2,80,0,0,0,0,9961496,1.5,20.0,3,3,104,118,98,0,0.0,0.0,0.0,0.0,0.0,2,0,1801,1326,0,0,5,0,0,7,7,7,1,0,55);
INSERT INTO "CardDataTable" VALUES(301,10001,0,0,0,0,0,0,0,0,300,3466.667,0.0,0.0,22.0,0.0,40,0,0,0,0,0,0,0,9961483,1.5,20.0,0,1,108,102,90,0,0.0,0.0,0.0,0.0,0.0,0,0,1808,1707,0,0,0,0,0,7,7,7,1,0,0);
INSERT INTO "CardDataTable" VALUES(302,10001,0,0,0,0,1,301,0,0,500,2872.5,0.0,0.0,27.5,0.0,100,0,0,0,0,0,0,0,9961483,1.5,20.0,1,2,100,112,98,0,0.0,0.0,0.0,0.0,0.0,0,0,1809,1707,0,104,0,0,0,7,7,7,1,0,0);
INSERT INTO "CardDataTable" VALUES(303,16,325,325,325,2,5,0,0,0,6000,0.0,0.0,0.0,0.0,0.0,0,0,0,0,0,0,0,0,9961496,1.5,20.0,0,0,100,100,100,0,0.0,0.0,0.0,0.0,0.0,0,0,1811,1849,0,0,0,0,0,7,7,7,0,0,0);
INSERT INTO "CardDataTable" VALUES(304,2500,326,326,411,1,4,0,0,0,9900,0.117,0.926,2.6,0.092,0.0,500,30,1,250,2,100,0,0,9961496,1.5,20.0,6,3,122,132,116,0,0.0,0.0,0.0,0.0,0.0,1,0,1812,1391,0,0,157,1,1,7,7,7,1,100,0);
INSERT INTO "CardDataTable" VALUES(305,100,41,41,327,1,4,0,0,0,5000,0.0,0.0,0.0,0.0,0.0,500,30,1,350,2,70,0,0,9961496,1.5,20.0,10,5,125,120,127,0,0.0,0.0,0.0,0.0,0.0,0,2,1819,1826,0,0,158,1,1,7,7,7,1,3,0);
INSERT INTO "CardDataTable" VALUES(306,3500,331,331,335,1,5,0,306,0,12000,0.057,0.5,0.882,0.014,0.0,1000,30,2,120,6,15,0,0,9961496,1.5,20.0,7,3,130,140,130,0,0.0,0.0,0.0,0.0,0.0,0,2,1827,1848,30,160,161,1,1,7,7,7,9,400,0);
INSERT INTO "CardDataTable" VALUES(307,1300,332,332,421,1,4,0,307,0,9900,0.117,0.926,2.6,0.092,0.0,500,30,1,250,2,100,0,0,9961496,1.5,20.0,6,3,127,119,124,0,0.0,0.0,0.0,0.0,0.0,0,2,1834,1150,0,0,47,1,1,7,7,7,1,100,0);
INSERT INTO "CardDataTable" VALUES(308,1200,333,333,334,0,5,0,0,0,12000,0.0,0.0,0.0,0.0,0.0,2000,30,2,60,3,30,0,0,9961483,1.5,20.0,7,3,140,132,138,0,0.0,0.0,0.0,0.0,0.0,0,0,1841,580,15,162,163,1,1,7,7,7,1,15,0);
INSERT INTO "CardDataTable" VALUES(309,9920,336,336,336,0,5,0,1,0,500,0.0,0.0,0.0,0.0,0.0,0,0,0,0,0,0,0,0,9961483,1.5,20.0,0,0,100,100,100,0,0.0,0.0,0.0,0.0,0.0,0,0,1724,1732,20,0,159,0,0,7,7,7,1,0,0);
INSERT INTO "CardDataTable" VALUES(310,300,108,108,108,1,2,0,0,0,1500,39.216,26.923,19.231,3.529,0.0,150,30,1,400,0,0,0,0,9961496,1.5,20.0,3,3,107,109,104,0,-82.0,-554.0,-600.0,-606.0,2.0,1,0,1850,1857,10,0,5,0,0,7,7,7,1,0,55);
INSERT INTO "CardDataTable" VALUES(311,10900,442,442,446,1,4,0,0,0,9900,0.0,0.0,0.0,0.0,0.0,500,30,2,100,3,50,0,0,9961496,1.5,20.0,6,3,117,133,120,0,0.0,0.0,0.0,0.0,0.0,0,1,1858,2075,0,0,192,1,1,7,7,7,1,3,0);
INSERT INTO "CardDataTable" VALUES(312,9920,443,443,443,0,5,0,1,0,0,0.0,0.0,0.0,0.0,0.0,0,0,0,0,0,0,0,0,9961483,1.5,20.0,0,0,110,115,85,0,0.0,0.0,0.0,0.0,0.0,0,0,42,546,20,0,0,0,0,7,7,7,1,0,0);
INSERT INTO "CardDataTable" VALUES(313,400,345,345,346,1,4,0,0,0,9900,0.117,0.926,2.6,0.092,0.0,500,30,1,250,2,100,0,0,9961496,1.5,20.0,6,3,128,132,111,0,-252.0,-454.0,-730.0,-618.0,2.0,1,0,1872,1708,0,164,165,1,1,7,7,7,1,100,0);
INSERT INTO "CardDataTable" VALUES(314,1000,350,350,457,1,3,0,0,0,3000,0.795,17.667,21.143,1.128,0.0,250,30,2,90,0,0,0,0,9961495,1.5,20.0,5,3,120,116,104,0,0.0,0.0,0.0,0.0,0.0,2,1,1879,1244,0,0,115,1,1,7,7,7,1,20,0);
INSERT INTO "CardDataTable" VALUES(315,2800,352,352,353,1,4,0,315,0,9900,0.0,0.0,0.0,0.0,0.0,500,30,2,70,3,70,0,0,9961495,1.5,20.0,8,5,129,126,110,0,0.0,0.0,0.0,0.0,0.0,2,0,1886,546,0,166,167,1,1,7,7,7,1,3,0);
INSERT INTO "CardDataTable" VALUES(316,12800,356,356,488,1,4,0,316,0,9900,0.117,0.926,2.6,0.092,0.0,500,30,2,100,3,50,0,0,9961496,1.5,20.0,6,3,126,124,120,0,-252.0,-454.0,-730.0,-618.0,2.0,1,0,1893,470,0,0,194,1,1,7,7,7,1,100,0);
INSERT INTO "CardDataTable" VALUES(317,2600,359,359,384,1,4,0,0,0,5000,0.0,0.0,0.0,0.0,0.0,500,30,1,350,2,70,0,0,9961495,1.5,20.0,8,5,130,123,112,0,0.0,0.0,0.0,0.0,0.0,2,1,1900,1907,0,95,90,1,1,7,7,7,1,3,0);
INSERT INTO "CardDataTable" VALUES(318,11920,0,0,0,2,5,0,318,318,0,0.0,0.0,0.0,0.0,0.0,0,0,0,0,0,0,0,0,9961501,1.5,20.0,0,0,100,100,100,0,-452.0,-404.0,-142.0,-614.0,2.0,0,0,42,546,0,0,0,0,0,7,7,7,0,0,0);
INSERT INTO "CardDataTable" VALUES(319,3600,0,0,0,2,5,0,319,319,0,0.0,0.0,0.0,0.0,0.0,0,0,0,0,0,0,0,0,9961501,1.5,20.0,0,0,100,100,100,0,-452.0,-404.0,-142.0,-614.0,2.0,0,0,42,546,0,26,0,0,0,7,7,7,0,0,0);
INSERT INTO "CardDataTable" VALUES(320,8,0,0,0,3,4,0,320,320,6000,0.0,0.0,0.0,0.0,0.0,0,0,0,0,0,0,0,0,9961483,1.5,20.0,0,0,100,100,100,0,0.0,0.0,0.0,0.0,0.0,0,0,42,546,0,168,0,0,0,7,7,7,0,100,0);
INSERT INTO "CardDataTable" VALUES(321,17,0,0,0,2,7,0,321,321,2000,0.0,0.0,0.0,0.0,0.0,19000,0,0,0,0,0,0,0,9961496,1.5,20.0,0,0,100,100,100,0,0.0,0.0,0.0,0.0,0.0,0,0,1908,1150,0,0,0,0,0,7,7,7,0,0,0);
INSERT INTO "CardDataTable" VALUES(322,12900,360,360,462,1,7,0,322,0,3000,0.0,0.0,0.0,0.0,0.0,250,30,1,350,2,70,0,0,9961495,1.5,20.0,3,0,120,118,112,0,0.0,1.0,1677.0,470.0,0.0,1,0,1909,1150,20,0,47,1,1,7,7,7,1,1,0);
INSERT INTO "CardDataTable" VALUES(323,1600,368,368,369,1,5,0,0,0,12000,0.057,0.5,0.882,0.014,0.0,1000,30,2,120,6,15,0,0,9961495,1.5,20.0,7,3,126,142,134,0,0.0,1.0,1677.0,470.0,0.0,1,0,1916,1493,15,59,171,1,1,7,7,7,1,400,0);
INSERT INTO "CardDataTable" VALUES(324,2200,373,373,374,1,4,0,0,0,9900,0.117,0.926,2.6,0.092,0.0,500,30,1,250,2,100,0,0,9961495,1.5,20.0,6,3,123,119,128,0,0.0,0.0,0.0,0.0,0.0,2,0,1923,1930,10,0,172,1,1,7,7,7,1,100,0);
INSERT INTO "CardDataTable" VALUES(325,2000,113,113,367,1,5,0,325,0,12000,0.057,0.5,0.882,0.014,0.0,1000,30,1,300,2,120,0,0,9961496,1.5,20.0,7,3,138,140,132,0,0.0,0.0,0.0,0.0,0.0,0,1,1931,1391,10,175,176,1,1,7,7,7,8,400,0);
INSERT INTO "CardDataTable" VALUES(326,500,392,392,393,1,4,0,326,0,9900,0.117,0.926,2.6,0.092,0.0,500,30,2,100,3,50,0,0,9961495,1.5,20.0,6,3,110,134,126,1,-180.0,-408.0,-520.0,-456.0,2.0,1,0,1938,1056,15,0,177,1,1,7,7,7,1,100,0);
INSERT INTO "CardDataTable" VALUES(327,3700,379,379,481,1,4,0,327,0,9900,0.0,0.0,0.0,0.0,0.0,500,30,1,350,2,70,0,0,9961495,1.5,20.0,8,5,125,125,120,1,-180.0,-408.0,-520.0,-456.0,2.0,1,0,1945,1952,10,0,174,1,1,7,7,7,1,3,0);
INSERT INTO "CardDataTable" VALUES(328,12300,237,237,391,1,4,0,0,0,5000,0.0,0.0,0.0,0.0,0.0,500,30,2,140,0,0,0,0,9961496,1.5,20.0,8,5,121,128,116,0,0.0,0.0,0.0,0.0,0.0,1,0,1953,29,10,0,33,1,1,7,7,7,1,3,0);
INSERT INTO "CardDataTable" VALUES(329,11600,394,394,403,1,5,0,329,0,12000,0.0,0.0,0.0,0.0,0.0,1000,30,2,120,3,60,0,0,9961495,1.5,20.0,9,5,125,132,138,0,0.0,0.0,0.0,0.0,0.0,0,0,1960,12,0,59,178,1,1,7,7,7,1,15,0);
INSERT INTO "CardDataTable" VALUES(330,12700,283,283,466,1,3,0,330,0,3000,0.795,17.667,21.143,1.128,0.0,250,30,2,90,0,0,0,0,9961495,1.5,20.0,5,3,114,120,106,0,-692.0,-206.0,-4.0,-202.0,2.0,2,0,1967,1974,5,0,180,1,1,7,7,7,1,20,0);
INSERT INTO "CardDataTable" VALUES(331,3800,0,0,0,2,5,0,331,331,0,0.0,0.0,0.0,0.0,0.0,0,0,0,0,0,0,0,0,9961501,1.5,20.0,0,0,100,100,100,0,-452.0,-404.0,-142.0,-614.0,2.0,0,0,42,546,20,0,0,0,0,7,7,7,0,0,0);
INSERT INTO "CardDataTable" VALUES(332,10400,32,32,402,1,4,0,0,0,5000,0.0,0.0,0.0,0.0,0.0,500,30,2,70,3,70,0,0,9961496,1.5,20.0,8,5,119,130,116,0,0.0,0.0,0.0,0.0,0.0,1,2,1975,1612,0,0,181,1,1,7,7,7,1,3,0);
INSERT INTO "CardDataTable" VALUES(333,18,0,0,0,2,3,0,0,0,2000,0.0,0.0,0.0,0.0,0.0,0,0,0,0,0,0,0,0,9961495,1.5,20.0,0,0,100,100,100,0,-692.0,-206.0,-4.0,-202.0,2.0,0,0,2005,35,0,0,0,0,0,7,7,7,0,0,0);
INSERT INTO "CardDataTable" VALUES(334,18,0,0,0,2,4,0,0,0,3000,0.0,0.0,0.0,0.0,0.0,0,0,0,0,0,0,0,0,9961495,1.5,20.0,0,0,100,100,100,0,-452.0,-404.0,-142.0,-614.0,2.0,0,0,2006,35,0,0,0,0,0,7,7,7,0,0,0);
INSERT INTO "CardDataTable" VALUES(335,18,0,0,0,2,5,0,0,0,4000,0.0,0.0,0.0,0.0,0.0,0,0,0,0,0,0,0,0,9961495,1.5,20.0,0,0,100,100,100,0,0.0,0.0,0.0,0.0,0.0,0,0,2007,35,0,0,0,0,0,7,7,7,0,0,0);
INSERT INTO "CardDataTable" VALUES(336,11700,372,372,408,1,5,0,336,0,12000,0.057,0.5,0.882,0.014,0.0,1000,30,2,120,4,17,0,0,9961495,1.5,20.0,7,3,135,140,125,0,0.0,0.0,0.0,0.0,0.0,2,1,1982,1989,10,133,197,1,1,7,7,7,1,400,0);
INSERT INTO "CardDataTable" VALUES(337,1700,406,406,407,1,4,0,0,0,9900,0.0,0.0,0.0,0.0,0.0,500,30,2,70,3,70,0,0,9961495,1.5,20.0,8,5,112,118,135,0,-550.0,-286.0,-236.0,-500.0,2.0,1,0,1990,1997,25,0,193,1,1,7,7,7,7,3,0);
INSERT INTO "CardDataTable" VALUES(338,10100,92,92,92,1,2,0,0,0,1500,39.216,26.923,19.231,3.529,0.0,150,30,2,80,0,0,0,0,9961496,1.5,20.0,3,3,105,102,113,0,-616.0,-254.0,-200.0,-628.0,2.0,1,2,1998,1930,15,0,27,0,0,7,7,7,1,0,55);
INSERT INTO "CardDataTable" VALUES(339,3900,70,70,449,1,5,0,339,0,12000,0.0,0.0,0.0,0.0,0.0,1000,30,2,84,3,84,0,0,9961496,1.5,20.0,7,3,125,140,135,0,0.0,0.0,0.0,0.0,0.0,0,1,2008,35,40,182,199,1,1,7,7,7,0,15,0);
INSERT INTO "CardDataTable" VALUES(340,2400,389,389,390,1,4,0,0,0,9900,0.117,0.926,2.6,0.092,0.0,500,30,1,250,3,100,0,0,9961495,1.5,20.0,6,3,110,136,124,0,0.0,0.0,0.0,0.0,0.0,0,1,2015,597,15,0,183,1,1,7,7,7,1,100,0);
INSERT INTO "CardDataTable" VALUES(341,500,433,433,434,1,4,0,341,0,9900,0.0,0.0,0.0,0.0,0.0,500,30,1,350,2,70,0,0,9961496,1.5,20.0,8,5,118,124,123,0,0.0,0.0,0.0,0.0,0.0,2,0,2022,2029,10,185,186,1,1,7,7,7,1,3,0);
INSERT INTO "CardDataTable" VALUES(342,600,425,425,378,1,3,0,0,0,3000,0.795,17.667,21.143,1.128,0.0,250,30,1,450,0,0,0,0,9961496,1.5,20.0,5,3,121,119,100,0,0.0,0.0,0.0,0.0,0.0,0,1,2030,2037,0,0,6,1,1,7,7,7,1,20,0);
INSERT INTO "CardDataTable" VALUES(343,10600,102,102,436,1,4,0,0,0,5000,0.0,0.0,0.0,0.0,0.0,500,30,1,350,2,70,0,0,9961496,1.5,20.0,8,5,122,113,130,0,0.0,0.0,0.0,0.0,0.0,1,0,2038,2059,0,0,187,1,1,7,7,7,1,3,0);
INSERT INTO "CardDataTable" VALUES(344,2900,435,435,477,1,4,0,344,0,9900,0.117,0.926,2.6,0.092,0.0,500,30,2,100,3,50,0,0,9961496,1.5,20.0,6,3,128,124,118,0,0.0,0.0,0.0,0.0,0.0,2,0,2045,546,0,0,184,1,1,7,7,7,4,100,0);
INSERT INTO "CardDataTable" VALUES(345,2200,132,132,132,0,2,0,0,0,1500,39.216,26.923,19.231,3.529,0.0,300,30,1,200,0,0,0,0,9961483,1.5,20.0,3,3,100,120,110,0,0.0,0.0,0.0,0.0,0.0,0,0,2052,10,10,0,2,0,0,7,7,7,1,0,55);
INSERT INTO "CardDataTable" VALUES(346,2800,437,437,438,1,5,0,346,0,12000,0.057,0.5,7.5,0.014,0.0,1000,30,2,144,3,60,0,0,9961496,1.5,20.0,7,3,133,134,133,0,0.0,0.0,0.0,0.0,0.0,2,0,2060,1391,15,188,189,1,1,7,7,7,1,400,0);
INSERT INTO "CardDataTable" VALUES(347,1700,98,98,439,1,7,0,0,0,3000,0.0,0.0,0.0,0.0,0.0,250,30,1,250,2,100,0,0,9961495,1.5,20.0,5,3,115,130,105,0,0.0,0.0,0.0,0.0,0.0,0,1,2067,2074,25,190,191,1,1,7,7,7,7,1,0);
INSERT INTO "CardDataTable" VALUES(348,200,44,44,44,0,2,0,0,0,1500,39.216,26.923,19.231,3.529,0.0,300,30,3,40,0,0,0,0,9961483,1.5,20.0,3,3,114,108,108,0,0.0,0.0,0.0,0.0,0.0,0,0,2146,1707,0,0,2,0,0,7,7,7,1,0,55);
INSERT INTO "CardDataTable" VALUES(349,3620,0,0,0,2,5,0,349,349,0,0.0,0.0,0.0,0.0,0.0,0,0,0,0,0,0,0,0,9961501,1.5,20.0,0,0,100,100,100,0,-452.0,-404.0,-142.0,-614.0,2.0,0,0,42,546,0,26,0,0,0,7,7,7,0,0,0);
INSERT INTO "CardDataTable" VALUES(350,11100,447,447,448,1,3,0,350,0,3000,0.795,17.667,21.143,1.128,0.0,250,30,2,90,0,0,0,0,9961496,1.5,20.0,5,3,120,120,100,0,0.0,0.0,0.0,0.0,0.0,1,0,2076,917,0,0,195,1,1,7,7,7,1,20,0);
INSERT INTO "CardDataTable" VALUES(351,11200,424,424,478,1,5,0,0,0,12000,0.057,0.5,7.5,0.014,0.0,1000,30,2,120,6,15,0,0,9961495,1.5,20.0,7,3,129,136,135,0,0.0,0.0,0.0,0.0,0.0,2,0,2083,1604,10,0,200,1,1,7,7,7,1,400,0);
INSERT INTO "CardDataTable" VALUES(352,11500,128,128,128,1,5,0,0,0,12000,0.0,0.0,0.0,0.0,0.0,1000,30,2,120,3,60,0,0,9961496,1.5,20.0,7,5,150,125,125,0,-692.0,-206.0,-4.0,-202.0,2.0,0,0,2090,470,0,89,0,0,0,7,7,7,1,15,0);
INSERT INTO "CardDataTable" VALUES(353,13020,0,0,0,2,5,0,353,353,0,0.0,0.0,0.0,0.0,0.0,0,0,0,0,0,0,0,0,9961501,1.5,20.0,0,0,100,100,100,0,-452.0,-404.0,-142.0,-614.0,2.0,0,0,42,546,0,0,0,0,0,7,7,7,1,0,0);
INSERT INTO "CardDataTable" VALUES(354,1500,452,452,454,1,4,0,0,0,5000,0.0,0.0,0.0,0.0,0.0,500,30,2,70,3,70,0,0,9961495,1.5,20.0,8,5,120,125,120,0,0.0,0.0,0.0,0.0,0.0,0,1,2097,1,0,0,202,1,1,7,7,7,1,3,0);
INSERT INTO "CardDataTable" VALUES(355,12100,450,450,451,1,4,0,0,0,9900,0.117,0.926,2.6,0.092,0.0,500,30,1,250,2,100,0,0,9961496,1.5,20.0,6,3,80,144,121,0,0.0,0.0,0.0,0.0,0.0,1,0,2104,470,5,0,201,1,1,7,7,7,5,100,0);
INSERT INTO "CardDataTable" VALUES(356,13100,455,455,455,1,7,0,356,0,3000,0.0,0.0,0.0,0.0,0.0,250,30,2,100,3,50,0,0,9961496,1.5,20.0,4,0,120,115,115,0,0.0,0.0,0.0,0.0,0.0,1,0,2111,1150,0,0,31,1,1,7,7,7,1,1,0);
INSERT INTO "CardDataTable" VALUES(357,12400,460,460,461,1,5,0,357,0,12000,0.057,0.5,0.882,0.014,0.0,1000,30,2,120,4,17,0,0,9961495,1.5,20.0,7,3,125,132,143,0,0.0,0.0,0.0,0.0,0.0,2,0,2118,1544,0,204,205,1,1,7,7,7,1,400,0);
INSERT INTO "CardDataTable" VALUES(358,300,463,463,464,1,5,0,0,0,12000,0.0,0.0,0.0,0.0,0.0,1000,30,1,300,3,120,0,0,9961496,1.5,20.0,9,5,132,129,134,1,-322.0,-230.0,-168.0,-568.0,2.0,1,0,2125,858,25,206,207,1,1,7,7,7,1,15,0);
INSERT INTO "CardDataTable" VALUES(359,13100,467,467,467,1,4,0,359,0,9900,0.117,0.926,2.6,0.092,0.0,500,30,1,250,2,100,0,0,9961496,1.5,20.0,6,3,127,126,117,0,0.0,0.0,0.0,0.0,0.0,1,0,2132,12,0,0,216,1,1,7,7,7,1,100,0);
INSERT INTO "CardDataTable" VALUES(360,1800,468,468,469,0,3,0,0,0,3000,0.0,0.0,0.0,0.0,0.0,750,30,1,225,0,0,0,0,9961483,1.5,20.0,5,3,115,122,113,0,0.0,0.0,0.0,0.0,0.0,0,0,2139,546,0,0,208,1,1,7,7,7,1,1,0);
INSERT INTO "CardDataTable" VALUES(361,1400,16,288,288,1,2,0,0,0,1500,0.0,0.0,0.0,0.0,0.0,150,30,3,80,0,0,0,0,9961496,1.5,20.0,3,3,112,105,103,0,-628.0,-462.0,-104.0,-414.0,2.0,2,0,2153,2160,0,0,31,0,0,7,7,7,1,0,55);
INSERT INTO "CardDataTable" VALUES(362,11300,479,479,480,1,5,0,0,0,12000,0.057,0.5,0.882,0.014,0.0,1000,30,1,300,2,120,0,0,9961495,1.5,20.0,7,3,135,132,133,0,0.0,0.0,0.0,0.0,0.0,1,0,2161,1493,0,27,209,1,1,7,7,7,1,400,0);
INSERT INTO "CardDataTable" VALUES(363,9900,0,0,0,0,1,0,363,363,0,0.0,0.0,0.0,0.0,0.0,0,0,0,0,0,0,0,0,9961483,1.5,20.0,0,0,70,70,70,0,0.0,0.0,0.0,0.0,0.0,0,0,42,37,0,0,0,0,0,7,7,7,1,0,0);
INSERT INTO "CardDataTable" VALUES(364,11700,482,482,482,1,4,0,364,0,9900,0.0,0.0,0.0,0.0,0.0,500,30,1,350,2,70,0,0,9961495,1.5,20.0,8,5,131,131,113,0,0.0,0.0,0.0,0.0,0.0,1,0,2204,1201,10,0,211,1,1,7,7,7,1,3,0);
INSERT INTO "CardDataTable" VALUES(365,4000,485,485,485,1,4,0,365,0,9900,0.0,0.0,0.0,0.0,0.0,500,30,1,250,2,100,0,0,9961495,1.5,20.0,6,3,127,128,115,0,0.0,0.0,0.0,0.0,0.0,2,1,2168,960,0,214,223,1,1,7,7,7,5,3,0);
INSERT INTO "CardDataTable" VALUES(366,10000,65,65,275,0,4,0,0,0,5000,0.0,0.0,0.0,0.0,0.0,500,30,2,35,3,35,0,0,9961483,1.5,20.0,8,5,125,122,123,0,-628.0,-462.0,-104.0,-414.0,2.0,0,0,2175,546,0,0,213,1,1,7,7,7,1,3,0);
INSERT INTO "CardDataTable" VALUES(367,100,239,239,484,0,4,0,0,0,5000,0.0,0.0,0.0,0.0,0.0,500,30,2,25,3,50,0,0,9961483,1.5,20.0,9,5,115,126,129,0,0.0,0.0,0.0,0.0,0.0,0,0,2182,546,0,0,29,1,1,7,7,7,1,3,0);
INSERT INTO "CardDataTable" VALUES(368,1900,486,486,487,1,4,0,0,0,9900,0.117,0.926,2.6,0.092,0.0,500,30,1,250,2,100,0,0,9961495,1.5,20.0,6,3,118,136,116,0,0.0,0.0,0.0,0.0,0.0,1,0,2189,2196,0,0,212,1,1,7,7,7,1,100,0);
INSERT INTO "CardDataTable" VALUES(369,2600,31,31,31,0,2,0,0,0,1500,39.216,26.923,19.231,3.529,0.0,300,30,2,40,0,0,0,0,9961483,1.5,20.0,3,3,102,125,103,0,0.0,0.0,0.0,0.0,0.0,0,0,2197,10,0,0,30,0,0,7,7,7,1,0,55);
INSERT INTO "CardDataTable" VALUES(370,11800,489,489,490,1,4,0,370,0,9900,0.117,0.926,2.6,0.092,0.0,500,30,1,250,2,100,0,0,9961496,1.5,20.0,6,3,124,134,112,0,0.0,0.0,0.0,0.0,0.0,1,0,2211,1930,0,0,215,1,1,7,7,7,1,100,0);
INSERT INTO "CardDataTable" VALUES(371,13100,483,483,483,1,4,0,371,0,9900,0.0,0.0,0.0,0.0,0.0,500,30,2,100,3,50,0,0,9961496,1.5,20.0,8,5,118,121,126,0,0.0,0.0,0.0,0.0,0.0,1,0,2218,38,0,0,1,1,1,7,7,7,1,3,0);
INSERT INTO "CardDataTable" VALUES(372,3200,19,19,491,1,4,0,372,0,9900,0.0,0.0,0.0,0.0,0.0,500,30,2,50,3,100,0,0,9961496,1.5,20.0,5,2,120,122,128,0,0.0,0.0,0.0,0.0,0.0,2,0,2225,470,10,0,220,1,1,7,7,7,1,100,0);
INSERT INTO "CardDataTable" VALUES(373,10200,7,7,7,1,3,0,0,0,0,0.0,0.0,0.0,0.0,0.0,250,30,2,90,0,0,0,0,9961496,1.5,20.0,5,3,113,111,116,0,-550.0,-286.0,-236.0,-500.0,2.0,0,1,42,546,0,0,0,1,1,7,7,7,1,0,0);
INSERT INTO "CardDataTable" VALUES(374,2600,492,492,493,1,3,0,0,0,3000,0.795,17.667,21.143,1.128,0.0,250,30,2,90,0,0,0,0,9961495,1.5,20.0,5,3,111,127,102,0,-452.0,-404.0,-142.0,-614.0,2.0,1,0,2239,2246,0,0,221,1,1,7,7,7,1,20,0);
INSERT INTO "CardDataTable" VALUES(375,10800,494,494,495,1,4,0,0,0,5000,0.0,0.0,0.0,0.0,0.0,500,30,2,70,3,70,0,0,9961495,1.5,20.0,8,5,120,134,111,0,-452.0,-404.0,-142.0,-614.0,2.0,1,0,2254,2261,25,0,222,1,1,7,7,7,1,3,0);
INSERT INTO "CardDataTable" VALUES(376,12000,496,496,497,1,5,0,0,0,12000,0.057,0.5,0.882,0.014,0.0,1000,30,2,120,4,17,0,0,9961495,1.5,20.0,7,3,128,142,130,0,-452.0,-404.0,-142.0,-614.0,2.0,1,0,2262,27,0,0,224,1,1,7,7,7,1,400,0);
INSERT INTO "CardDataTable" VALUES(377,4100,498,498,498,1,5,0,377,377,0,0.0,0.0,0.0,0.0,0.0,0,0,0,0,0,0,0,0,9961501,1.5,20.0,0,0,100,100,100,0,-452.0,-404.0,-142.0,-614.0,2.0,0,0,42,546,0,21,0,0,0,7,7,7,0,0,0);
INSERT INTO "CardDataTable" VALUES(378,10300,499,499,500,1,4,0,0,0,9900,0.117,0.926,17.5,0.092,0.0,500,30,2,100,3,50,0,0,9961496,1.5,20.0,6,3,126,135,109,0,-618.0,-400.0,-144.0,-446.0,2.0,2,1,2269,2276,15,0,225,1,1,7,7,7,1,100,0);
INSERT INTO "CardDataTable" VALUES(379,13200,0,0,0,1,5,0,379,379,0,0.0,0.0,0.0,0.0,0.0,0,0,0,0,0,0,0,0,9961501,1.5,20.0,0,0,126,135,109,0,-452.0,-404.0,-142.0,-614.0,2.0,0,0,42,546,15,0,0,0,0,7,7,7,0,0,0);
INSERT INTO "CardDataTable" VALUES(380,300,1,1,1,1,4,0,0,0,9900,0.0,0.0,0.0,0.0,0.0,500,30,1,500,2,50,0,0,9961496,1.5,20.0,6,3,137,125,108,0,-328.0,-364.0,-942.0,-4.0,2.0,1,2,2277,2284,15,0,37,1,1,7,7,7,1,3,0);
INSERT INTO "CardDataTable" VALUES(0,0,0,0,0,0,0,0,0,0,0,0.0,0.0,0.0,0.0,0.0,0,0,0,0,0,0,0,0,0,0.0,0.0,0,0,0,0,0,0,0.0,0.0,0.0,0.0,0.0,0,0,0,0,0,0,0,0,0,0,0,0,0,0,0);
INSERT INTO "CardDataTable" VALUES(0,0,0,0,0,0,0,0,0,0,0,0.0,0.0,0.0,0.0,0.0,0,0,0,0,0,0,0,0,0,0.0,0.0,0,0,0,0,0,0,0.0,0.0,0.0,0.0,0.0,0,0,0,0,0,0,0,0,0,0,0,0,0,0,0);
INSERT INTO "CardDataTable" VALUES(0,0,0,0,0,0,0,0,0,0,1,0.0,0.0,0.0,0.0,0.0,0,0,0,0,0,0,0,0,0,0.0,0.0,0,0,30,20,0,0,0.0,0.0,0.0,0.0,0.0,0,0,0,0,0,0,0,0,0,0,0,0,0,0,0);
INSERT INTO "CardDataTable" VALUES(0,0,0,0,0,0,0,0,0,0,2,0.0,0.0,0.0,0.0,0.0,0,0,0,0,0,0,0,0,0,0.0,0.0,0,0,50,40,110,0,0.0,0.0,0.0,0.0,0.0,0,0,0,0,0,0,0,0,0,0,0,0,0,0,0);
INSERT INTO "CardDataTable" VALUES(0,0,0,0,0,0,0,0,0,0,3,0.0,0.0,0.0,0.0,0.0,0,0,0,0,0,0,0,0,0,0.0,0.0,0,0,80,70,120,0,0.0,0.0,0.0,0.0,0.0,0,0,0,0,0,0,0,0,0,0,0,0,0,0,0);
INSERT INTO "CardDataTable" VALUES(0,0,0,0,0,0,0,0,0,0,4,0.0,0.0,0.0,0.0,0.0,0,0,0,0,0,0,0,0,0,0.0,0.0,0,0,110,100,130,0,0.0,0.0,0.0,0.0,0.0,0,0,0,0,0,0,0,0,0,0,0,0,0,0,0);
INSERT INTO "CardDataTable" VALUES(0,0,0,0,0,0,0,0,0,0,5,0.0,0.0,0.0,0.0,0.0,0,0,0,0,0,0,0,0,0,0.0,0.0,0,0,0,0,0,0,0.0,0.0,0.0,0.0,0.0,0,0,0,0,0,0,0,0,0,0,0,0,0,0,0);
INSERT INTO "CardDataTable" VALUES(0,0,0,0,0,0,0,0,0,0,0,0.0,0.0,0.0,0.0,0.0,0,0,0,0,0,0,0,0,0,0.0,0.0,0,0,0,0,0,0,0.0,0.0,0.0,0.0,0.0,0,0,0,0,0,0,0,0,0,0,0,0,0,0,0);
CREATE TABLE ClassData(ClassID integer,Name TEXT,MaxLevel integer,Cost integer,InitHP integer,MaxHP integer,AttackType integer,InitAtk integer,MaxAtk integer,MaxTarget integer,InitDef integer,MaxDef integer,AtkSpeedCorrection integer,AtkArea integer,JobChange integer,JobChangeMaterial1 integer,JobChangeMaterial2 integer,JobChangeMaterial3 integer,Data_ExtraAwakeOrb1 integer,Data_ExtraAwakeOrb2 integer,Dot integer,MissileID integer,ApproachFlag integer,BlockNum integer,DotNo integer,AttackWait integer,AttackAnimNo integer,BuildExp integer,HpGaugeHeight integer,AttackAttribute integer,HitEffect integer,Explanation TEXT,ClassAbility1 integer,ClassAbilityPower1 integer);
INSERT INTO "ClassData" VALUES(100,'ソルジャー',50,5,700,1000,1,150,235,1,100,150,100,40,110,100,200,0,0,0,6,-1,1,2,0,35,1,7,0,0,6291456,'２体までの敵を足止めできる',0,0);
INSERT INTO "ClassData" VALUES(101,'下級ソルジャー',50,5,700,1000,1,150,235,1,100,150,100,40,0,0,0,0,0,0,6,-1,1,2,0,35,1,5,0,0,6291456,'２体までの敵を足止めできる',0,0);
INSERT INTO "ClassData" VALUES(110,'ソルジャーチーフ',80,8,1000,1400,1,235,320,1,150,215,100,40,120,100,400,600,0,0,6,-1,1,3,1,35,1,20,0,0,6291456,'３体までの敵を足止めできる',0,0);
INSERT INTO "ClassData" VALUES(120,'ソルジャーエリート',99,8,1150,1850,1,269,380,1,198,255,100,40,0,0,0,0,0,0,6,-1,1,3,2,20,1,50,0,0,6291456,'３体までの敵を足止めできる',0,0);
INSERT INTO "ClassData" VALUES(200,'ヘビーアーマー',50,15,1000,1500,1,120,175,1,190,270,100,40,210,100,200,0,0,0,3,-1,1,3,0,20,2,7,0,0,6291664,'３体までの敵を足止めできる',0,0);
INSERT INTO "ClassData" VALUES(201,'下級ヘビーアーマー',50,15,1000,1500,1,120,175,1,190,270,100,40,0,0,0,0,0,0,3,-1,1,3,0,20,2,5,0,0,6291664,'３体までの敵を足止めできる',0,0);
INSERT INTO "ClassData" VALUES(210,'バトルマスター',80,18,1500,2100,1,175,230,1,270,400,100,40,220,200,200,100,0,0,3,-1,1,3,1,0,2,20,0,0,6291664,'３体までの敵を足止めできる',0,0);
INSERT INTO "ClassData" VALUES(220,'ギガントアーマー',99,20,1750,2950,1,208,260,1,330,510,100,40,0,0,0,0,0,0,3,-1,1,4,2,0,2,50,0,0,6291664,'４体までの敵を足止めできる',0,0);
INSERT INTO "ClassData" VALUES(300,'ワルキューレ',50,5,665,950,1,210,295,1,150,225,100,40,310,100,200,0,0,0,19,0,1,1,0,30,2,7,0,3,6291456,'敵を倒すと出撃コスト回復撤退時にコストが７０％回復',129,70);
INSERT INTO "ClassData" VALUES(310,'ユニコーンナイト',80,8,950,1330,1,295,380,1,225,300,100,40,320,300,400,200,0,0,19,0,1,1,1,30,2,20,0,3,6291456,'敵を倒すと出撃コスト回復撤退時にコストが８０％回復',130,80);
INSERT INTO "ClassData" VALUES(320,'ブリュンヒルデ',99,8,1330,1800,1,330,466,1,262,348,100,40,0,0,0,0,0,0,19,0,1,1,2,30,2,50,0,3,6291456,'敵を倒すと出撃コスト回復撤退時にコスト全回復',131,0);
INSERT INTO "ClassData" VALUES(400,'ローグ',50,3,550,800,1,160,240,1,100,150,100,40,410,100,10000,0,0,0,21,0,1,1,0,30,2,7,0,0,6291456,'敵からの攻撃を避けることがある',0,0);
INSERT INTO "ClassData" VALUES(410,'アサシン',80,5,800,1100,1,240,320,1,150,200,100,40,420,400,600,800,0,0,21,0,1,1,1,30,2,20,0,0,6291456,'敵からの攻撃を避けることがある',0,0);
INSERT INTO "ClassData" VALUES(420,'マスターアサシン',99,5,950,1400,1,295,370,1,162,225,100,40,0,0,0,0,0,0,21,0,1,1,2,30,2,50,0,0,6291456,'敵からの攻撃を避けることがあるごくまれに敵を即死させる',132,1);
INSERT INTO "ClassData" VALUES(500,'プリンセス',80,14,700,1400,1,200,450,1,135,270,100,40,530,100,300,10300,310,1610,20,0,1,1,0,30,2,20,0,1,6291456,'敵の防御力を無視できる',0,0);
INSERT INTO "ClassData" VALUES(510,'ヴァンパイアプリンセス',80,13,800,2700,1,220,420,1,140,275,100,40,540,300,10300,10600,1210,10610,20,0,1,1,0,30,2,20,0,1,6291456,'HPが回復しない防御無視攻撃',0,0);
INSERT INTO "ClassData" VALUES(520,'イモータルプリンセス',80,14,800,2700,1,220,420,1,140,275,100,40,550,300,10200,10600,10210,10810,20,0,1,1,0,30,2,20,0,1,6291456,'HPが回復しない防御無視攻撃',0,0);
INSERT INTO "ClassData" VALUES(530,'ハイプリンセス',99,14,1150,1900,1,400,530,1,245,300,100,40,0,0,0,0,0,0,20,0,1,1,2,30,2,50,0,1,6291456,'敵の防御力を無視できる',0,0);
INSERT INTO "ClassData" VALUES(540,'ヴァンパイアクイーン',99,13,2500,2900,1,370,490,1,270,290,100,40,0,0,0,0,0,0,20,0,1,1,2,30,2,50,0,1,6291456,'他ユニットからのＨＰ回復を受けられない防御無視攻撃',0,0);
INSERT INTO "ClassData" VALUES(550,'イモータルクイーン',99,14,2500,3100,1,370,490,1,270,290,100,40,0,0,0,0,0,0,20,0,1,1,2,30,2,50,0,1,6291456,'HPが回復しない防御無視攻撃',0,0);
INSERT INTO "ClassData" VALUES(600,'バンデット',50,10,1000,1650,1,250,420,1,100,150,100,40,610,100,600,0,0,0,4,0,1,1,0,0,2,7,0,0,6291664,'攻撃力重視の近接型戦士アーマータイプの敵に対して攻撃力アップ',126,150);
INSERT INTO "ClassData" VALUES(601,'下級バンデット',50,10,1000,1650,1,250,420,1,100,150,100,40,0,0,0,0,0,0,4,0,1,1,0,0,2,5,0,0,6291664,'攻撃力重視の近接型戦士アーマータイプの敵に対して攻撃力アップ',126,150);
INSERT INTO "ClassData" VALUES(610,'バーサーカー',80,13,1650,2200,1,420,580,1,150,200,100,40,620,600,800,10400,0,0,4,0,1,1,1,0,2,20,0,0,6291664,'攻撃力重視の近接型戦士アーマータイプの敵に対して攻撃力アップ',126,150);
INSERT INTO "ClassData" VALUES(620,'デストロイヤー',99,13,1900,3000,1,510,660,1,181,190,100,40,0,0,0,0,0,0,4,0,1,1,2,20,2,50,0,0,6291664,'攻撃力重視の近接型戦士アーマータイプの敵に対して攻撃力大幅アップ',128,180);
INSERT INTO "ClassData" VALUES(700,'竜戦士',30,23,900,1300,1,140,250,1,200,300,100,40,710,0,0,0,0,0,96,-1,1,2,0,30,1,7,0,0,6291456,'封印され本来の能力を発揮できない',0,0);
INSERT INTO "ClassData" VALUES(701,'下級竜兵',50,6,750,1100,1,160,240,1,90,130,100,40,0,0,0,0,0,0,95,-1,1,2,0,30,1,5,0,0,6291456,'２体までの敵を足止めできる',0,0);
INSERT INTO "ClassData" VALUES(702,'中級竜兵',50,12,900,1200,1,160,240,1,100,140,100,40,703,100,600,200,0,0,96,-1,1,2,0,30,1,5,0,0,6291456,'２体までの敵を足止めできる',0,0);
INSERT INTO "ClassData" VALUES(703,'上級竜兵',55,17,1200,1530,1,240,339,1,140,206,100,40,0,0,0,0,0,0,96,-1,1,2,1,30,1,7,0,0,6291456,'２体までの敵を足止めできる',0,0);
INSERT INTO "ClassData" VALUES(710,'ドラゴンプリンセス',80,31,1000,1500,1,200,330,1,200,290,100,40,730,200,800,702,210,1610,6,-1,1,2,0,30,1,20,0,1,6291456,'２体まで足止め＋防御無視攻撃',0,0);
INSERT INTO "ClassData" VALUES(730,'真竜戦士',99,31,1400,2150,1,305,390,2,270,390,100,40,0,0,0,0,0,0,6,-1,1,2,2,30,1,50,0,1,6291456,'ブロックした敵全員に防御無視攻撃',0,0);
INSERT INTO "ClassData" VALUES(800,'サムライ',50,14,945,1155,1,170,250,2,121,176,100,40,810,100,10100,0,0,0,126,0,1,2,0,30,2,7,0,0,6291456,'ブロックした敵全員を攻撃できる',0,0);
INSERT INTO "ClassData" VALUES(801,'下級サムライ',50,14,945,1155,1,170,250,2,121,176,100,40,0,0,0,0,0,0,126,0,1,2,0,30,2,5,0,0,6291456,'ブロックした敵全員を攻撃できる',0,0);
INSERT INTO "ClassData" VALUES(810,'サムライマスター',80,17,1155,1785,1,250,360,2,176,264,100,40,820,800,200,10100,0,0,126,0,1,2,1,30,2,20,0,0,6291456,'ブロックした敵全員を攻撃できる',0,0);
INSERT INTO "ClassData" VALUES(820,'ショーグン',99,20,1490,2310,1,310,445,3,236,324,100,40,0,0,0,0,0,0,126,0,1,3,2,30,2,50,0,0,6291456,'ブロックした敵全員を攻撃できる',0,0);
INSERT INTO "ClassData" VALUES(900,'王子',99,10,700,1400,1,200,400,1,150,300,100,40,0,0,0,0,0,0,6,-1,1,1,0,30,1,5,0,0,6291456,'味方全員の能力を高める',0,0);
INSERT INTO "ClassData" VALUES(1000,'忍者',50,9,570,850,1,100,160,1,80,130,100,40,1010,100,600,0,0,0,112,12,1,1,0,10,1,7,0,0,6291456,'飛び道具での攻撃が可能',0,0);
INSERT INTO "ClassData" VALUES(1001,'下級忍者',50,9,570,850,1,100,160,1,80,130,100,40,0,0,0,0,0,0,112,12,1,1,0,10,1,5,0,0,6291456,'飛び道具での攻撃が可能',0,0);
INSERT INTO "ClassData" VALUES(1010,'忍者マスター',80,12,850,1150,1,160,200,1,130,180,100,40,1020,1000,10300,300,0,0,112,12,1,1,1,10,1,20,0,0,6291456,'飛び道具での攻撃が可能',0,0);
INSERT INTO "ClassData" VALUES(1020,'超忍',99,10,1000,1250,1,188,218,1,145,205,100,40,0,0,0,0,0,0,112,49,1,1,2,10,1,50,0,0,6291456,'飛び道具での攻撃が可能',0,0);
INSERT INTO "ClassData" VALUES(1100,'ペガサスライダー',50,12,600,800,1,160,240,1,120,180,100,40,1110,100,200,300,0,0,19,0,1,1,0,30,2,7,0,3,6291456,'スキル使用で飛行可能敵を倒すと出撃コスト回復撤退時にコストが７０％回復',129,70);
INSERT INTO "ClassData" VALUES(1110,'ペガサスナイト',80,15,800,1100,1,240,330,1,180,250,100,40,1120,300,200,10100,0,0,19,0,1,1,1,30,2,20,0,3,6291456,'スキル使用で飛行可能敵を倒すと出撃コスト回復撤退時にコストが８０％回復',130,80);
INSERT INTO "ClassData" VALUES(1120,'ペガサスロード',99,15,995,1500,1,285,420,1,225,280,100,40,0,0,0,0,0,0,19,0,1,1,2,30,2,50,0,3,6291456,'スキル使用で飛行可能敵を倒すと出撃コスト回復撤退時にコスト全回復',131,0);
INSERT INTO "ClassData" VALUES(1200,'ダークファイター',50,18,900,1200,1,190,260,1,160,200,100,40,1210,100,200,600,0,0,6,-1,1,2,0,30,1,7,0,0,6291456,'２体までの敵を足止めできる',0,0);
INSERT INTO "ClassData" VALUES(1210,'ダークナイト',80,22,1200,1700,1,260,420,1,200,260,100,40,1220,100,200,10200,0,0,6,-1,1,2,1,30,1,20,0,0,6291456,'２体までの敵を足止めできる',0,0);
INSERT INTO "ClassData" VALUES(1220,'パラディン',99,23,1450,2200,1,375,485,1,250,390,100,40,0,0,0,0,0,0,6,-1,1,2,2,30,1,50,0,0,6291456,'２体までの敵を足止めできるHPが減少すると防御力アップ',133,150);
INSERT INTO "ClassData" VALUES(1300,'アベンジャー',80,13,800,1450,1,250,420,1,170,250,100,40,1330,200,300,600,610,1410,20,0,1,1,0,30,2,20,0,0,6291456,'HP５０％以下で与えるダメージアップ',189,0);
INSERT INTO "ClassData" VALUES(1330,'デスアベンジャー',99,13,1250,2350,1,385,465,1,215,290,100,40,0,0,0,0,0,0,20,0,1,1,2,30,2,50,0,0,6291456,'HP５０％以下で与えるダメージアップ',189,0);
INSERT INTO "ClassData" VALUES(1400,'モンク',50,5,690,1040,1,160,240,1,90,150,100,40,1410,100,10000,0,0,0,204,0,1,2,0,30,2,7,0,0,6291664,'敵からの攻撃を避けることがある',0,0);
INSERT INTO "ClassData" VALUES(1410,'マスターモンク',80,8,1040,1500,1,240,345,1,150,200,100,40,1420,1400,600,100,0,0,204,0,1,2,1,30,2,20,0,0,6291664,'敵からの攻撃を避けることがある',0,0);
INSERT INTO "ClassData" VALUES(1420,'拳聖',99,8,1240,1830,1,295,430,1,180,230,100,40,0,0,0,0,0,0,204,0,1,2,2,30,2,50,0,0,6291664,'敵からの攻撃を避けることがある',0,0);
INSERT INTO "ClassData" VALUES(1500,'前衛戦術家',50,8,705,995,1,140,220,1,99,154,100,40,1510,10100,300,800,0,0,126,0,1,2,0,30,1,7,0,0,6291456,'配置中、他ユニットの出撃コストを1下げる',115,1);
INSERT INTO "ClassData" VALUES(1510,'前衛軍師',80,11,995,1417,1,220,310,1,154,220,100,40,1520,800,300,100,0,0,89,0,1,2,1,30,1,20,0,0,6291456,'配置中、他ユニットの出撃コストを2下げる',116,2);
INSERT INTO "ClassData" VALUES(1520,'武人軍師',99,11,1260,1732,1,285,350,2,198,247,100,40,0,0,0,0,0,0,89,0,1,2,2,30,1,50,0,0,6291456,'配置中、他ユニットの出撃コストを3下げるブロックした敵全員を攻撃',163,3);
INSERT INTO "ClassData" VALUES(1600,'魔法剣士',50,11,600,920,1,170,240,1,100,160,100,40,1610,100,10100,0,0,0,205,21,1,1,0,30,2,7,0,0,6291456,'５０％の攻撃力で遠距離攻撃飛び道具を無効化されない',183,0);
INSERT INTO "ClassData" VALUES(1610,'ルーンフェンサー',80,14,920,1260,1,240,365,1,160,225,100,40,1620,1600,1000,100,0,0,205,21,1,1,1,30,2,20,0,0,6291456,'６０％の攻撃力で遠距離攻撃飛び道具を無効化されない',184,0);
INSERT INTO "ClassData" VALUES(1620,'ルーンロード',99,14,1150,1500,1,330,420,1,195,265,100,40,0,0,0,0,0,0,205,21,1,1,2,25,2,50,0,0,6291456,'７０％の攻撃力で遠距離攻撃飛び道具を無効化されない',185,0);
INSERT INTO "ClassData" VALUES(1700,'エンジェル',50,8,1000,1200,1,420,480,0,140,235,100,40,1710,100,200,0,0,0,206,0,1,0,0,30,2,7,0,0,6291456,'スキルを使用すると一定時間封印を解除できる',0,0);
INSERT INTO "ClassData" VALUES(1710,'アークエンジェル',80,11,1200,1600,1,480,630,0,235,405,100,40,1720,1700,300,10200,0,0,206,0,1,0,1,30,2,20,0,0,6291456,'スキルを使用すると一定時間封印を解除できる',0,0);
INSERT INTO "ClassData" VALUES(1720,'ドミニオン',99,11,1450,1850,1,590,750,0,360,460,100,40,0,0,0,0,0,0,206,0,1,0,2,30,2,50,0,0,6291456,'スキルを使用すると一定時間封印を解除できる',0,0);
INSERT INTO "ClassData" VALUES(1800,'くぐつ使い',50,11,1000,1600,1,190,300,1,150,240,100,40,1810,200,10400,400,0,0,152,10,1,1,0,30,2,7,0,0,6291664,'他ユニットからのＨＰ回復を受けられず、非攻撃時にＨＰが徐々に回復。スキル中のみ敵の移動速度を下げる',88,0);
INSERT INTO "ClassData" VALUES(1810,'機甲士',80,14,1600,2500,1,300,450,1,240,380,100,40,1820,200,1400,10400,0,0,152,10,1,1,1,30,2,20,0,0,6291664,'他ユニットからのＨＰ回復を受けられず、非攻撃時にＨＰが徐々に回復。スキル中のみ敵の移動速度を下げる',88,0);
INSERT INTO "ClassData" VALUES(1820,'超電機甲士',99,14,2100,2900,1,410,530,1,330,470,100,40,0,0,0,0,0,0,152,10,1,1,2,30,2,50,0,0,6291664,'他ユニットからのＨＰ回復を受けられず、非攻撃時にＨＰが徐々に回復。スキル中のみ敵の移動速度を下げる',88,0);
INSERT INTO "ClassData" VALUES(1900,'セーラー',50,6,600,850,1,150,210,1,120,160,100,40,1910,100,200,10400,0,0,156,10,1,1,0,25,3,7,0,0,6291456,'１体までの敵を足止めできるスキル使用中のみ敵の移動速度を下げる、魚人タイプの敵に対して攻撃力アップ',239,130);
INSERT INTO "ClassData" VALUES(1910,'セーラーチーフ',80,9,850,1300,1,210,290,1,160,220,100,40,1920,100,1000,10100,0,0,156,10,1,1,1,25,3,20,0,0,6291456,'１体までの敵を足止めできるスキル使用中のみ敵の移動速度を下げる、魚人タイプの敵に対して攻撃力アップ',239,130);
INSERT INTO "ClassData" VALUES(1920,'セーラーエリート',99,9,1220,1400,1,280,310,1,210,240,100,40,0,0,0,0,0,0,156,116,1,1,2,25,3,50,0,0,6291456,'１体までの敵を足止めできるスキル使用中のみ範囲攻撃になり敵の移動速度を下げる、魚人タイプの敵に対して攻撃力大幅アップ',240,150);
INSERT INTO "ClassData" VALUES(2000,'妖狐',80,8,600,900,1,120,220,2,70,140,100,40,2030,300,800,1000,1410,810,168,0,1,2,0,30,2,20,0,0,6291456,'敵からの攻撃を避けることがあるブロックした敵全員を攻撃出来る',0,0);
INSERT INTO "ClassData" VALUES(2030,'天狐',99,8,820,1290,1,190,280,2,120,200,100,40,0,0,0,0,0,0,168,0,1,2,2,30,2,50,0,0,6291456,'敵からの攻撃を避けることがあるブロックした敵全員を攻撃出来る',0,0);
INSERT INTO "ClassData" VALUES(2100,'式鬼',80,0,900,1100,1,280,480,1,110,150,100,40,0,0,0,0,0,0,167,0,1,1,0,30,2,0,0,0,6291664,'陰陽師が操る式神',0,0);
INSERT INTO "ClassData" VALUES(2120,'金剛式鬼',99,0,1070,1500,1,450,980,1,140,320,100,40,0,0,0,0,0,0,167,0,1,1,0,40,2,0,0,0,6291664,'陰陽師が操る式神',0,0);
INSERT INTO "ClassData" VALUES(2200,'神官戦士',50,8,750,1000,1,120,170,1,110,170,100,40,2210,100,200,2200,0,0,215,-1,1,2,0,20,2,7,0,0,6291664,'２体までの敵を足止めできる敵をブロックしていない時、味方のＨＰを回復する',0,0);
INSERT INTO "ClassData" VALUES(2210,'神官戦士長',80,11,1000,1480,1,170,210,1,170,270,100,40,2220,100,10200,2200,0,0,215,-1,1,3,1,20,2,20,0,0,6291664,'３体までの敵を足止めできる敵をブロックしていない時、味方のＨＰを回復する',0,0);
INSERT INTO "ClassData" VALUES(2220,'ディバインアーマー',99,11,1250,1800,1,185,250,1,245,320,100,40,0,0,0,0,0,0,215,-1,1,3,2,20,2,50,0,0,6291664,'３体までの敵を足止めできる敵をブロックしていない時、味方のＨＰを回復する',0,0);
INSERT INTO "ClassData" VALUES(2300,'ソードスケルトン',80,0,750,900,1,120,150,1,90,110,100,40,0,0,0,0,0,0,196,0,1,1,0,30,1,0,0,0,6291456,'',0,0);
INSERT INTO "ClassData" VALUES(2320,'スケルトンランサー',99,0,880,1100,1,140,210,1,105,240,100,40,0,0,0,0,0,0,196,0,1,1,0,30,1,0,0,0,6291456,'',0,0);
INSERT INTO "ClassData" VALUES(2400,'メイジアーマー',50,18,950,1300,1,150,200,1,160,240,100,40,2410,200,10100,200,0,0,200,-1,1,3,0,40,2,7,0,0,6291664,'３体までの敵を足止めできるスキル使用中だけ防御無視の遠距離の範囲攻撃',0,0);
INSERT INTO "ClassData" VALUES(2410,'バトルメイジ',80,21,1300,1700,1,200,270,1,240,320,100,40,2420,200,200,10100,0,0,200,-1,1,3,1,40,2,20,0,0,6291664,'３体までの敵を足止めできるスキル使用中だけ防御無視の遠距離の範囲攻撃',0,0);
INSERT INTO "ClassData" VALUES(2420,'超魔導鎧将',99,24,1500,2500,1,255,310,1,300,415,100,40,0,0,0,0,0,0,200,-1,1,4,2,40,2,50,0,0,6291664,'４体までの敵を足止めできるスキル使用中だけ防御無視の遠距離の範囲攻撃',0,0);
INSERT INTO "ClassData" VALUES(2500,'ドラゴンライダー',50,24,900,1350,1,230,320,1,170,250,100,40,2510,100,200,300,0,0,222,63,1,1,0,30,2,7,0,0,6291456,'撤退時にコストが７０％回復',129,70);
INSERT INTO "ClassData" VALUES(2510,'ドラゴンナイト',80,27,1350,1850,1,320,500,1,250,360,100,40,2520,200,300,600,0,0,222,63,1,1,1,30,2,20,0,0,6291456,'撤退時にコストが８０％回復',130,80);
INSERT INTO "ClassData" VALUES(2520,'ドラゴンロード',99,32,1500,2600,1,420,640,1,300,500,100,40,0,0,0,0,0,0,222,63,1,1,2,30,2,50,0,0,6291456,'撤退時にコスト全回復',131,0);
INSERT INTO "ClassData" VALUES(2600,'ボウライダー',50,7,700,950,1,125,210,1,65,110,100,40,2610,10000,10000,300,0,0,224,66,1,1,0,30,2,7,0,0,6291456,'撤退時にコストが70％回復弓矢での遠距離攻撃が可能ブロック中は攻撃力が半減',186,70);
INSERT INTO "ClassData" VALUES(2610,'ボウライダーチーフ',80,10,950,1180,1,210,305,1,110,160,100,40,2620,10000,10000,300,0,0,224,66,1,1,1,30,2,20,0,0,6291456,'撤退時にコストが８０％回復弓矢での遠距離攻撃が可能ブロック中は攻撃力が60％に減少',187,80);
INSERT INTO "ClassData" VALUES(2620,'ボウライダーエリート',99,10,1050,1500,1,250,385,1,135,230,100,40,0,0,0,0,0,0,224,83,1,1,2,30,2,50,0,0,6291456,'撤退時にコストが全回復弓矢での遠距離攻撃が可能ブロック中は攻撃力が70％に減少',188,0);
INSERT INTO "ClassData" VALUES(2700,'トラップ',50,0,300,500,1,110,330,1,90,110,100,40,0,0,0,0,0,0,229,70,1,1,0,30,0,0,0,0,6291456,'',0,0);
INSERT INTO "ClassData" VALUES(2710,'強化トラップ',80,0,500,700,1,330,550,1,110,130,100,40,0,0,0,0,0,0,229,71,1,1,0,30,0,0,0,0,6291456,'',0,0);
INSERT INTO "ClassData" VALUES(2720,'覚醒トラップ',99,0,610,1000,1,450,880,1,122,160,100,40,0,0,0,0,0,0,229,117,1,1,0,30,0,0,0,0,6291456,'',0,0);
INSERT INTO "ClassData" VALUES(2800,'メイド',80,9,840,1440,1,170,240,1,100,210,100,40,2830,400,1000,1400,1410,11410,233,-1,1,1,0,30,2,20,0,0,6291664,'出撃メンバーにいるだけで主人の性能を強化する',0,0);
INSERT INTO "ClassData" VALUES(2830,'メイド長',99,9,1260,1740,1,210,280,1,180,250,100,40,0,0,0,0,0,0,233,-1,1,1,2,30,2,50,0,0,6291664,'出撃メンバーにいるだけで主人の性能を強化する',0,0);
INSERT INTO "ClassData" VALUES(2900,'ヴァンパイアロード',80,13,800,2600,1,230,440,1,140,260,100,40,2930,100,400,10600,1510,2210,239,0,1,1,0,30,2,20,0,0,6291456,'HPが回復しない攻撃を数回当てた敵を麻痺させる',0,0);
INSERT INTO "ClassData" VALUES(2930,'ヴァンパイアハイロード',99,13,2300,2800,1,400,510,1,235,340,100,40,0,0,0,0,0,0,239,0,1,1,2,30,2,50,0,0,6291456,'他ユニットからのＨＰ回復を受けられない攻撃を数回当てた敵を麻痺させる',0,0);
INSERT INTO "ClassData" VALUES(3000,'ソードマスター',80,19,950,1650,1,200,440,1,150,280,100,40,3030,600,800,1600,810,1010,248,0,1,1,0,30,2,20,0,0,6291456,'スキルで必殺剣を使用可能',0,0);
INSERT INTO "ClassData" VALUES(3030,'剣聖',99,19,1450,2150,1,360,500,1,235,370,100,40,0,0,0,0,0,0,248,0,1,1,2,30,2,50,0,0,6291456,'スキルで必殺剣を使用可能',0,0);
INSERT INTO "ClassData" VALUES(3100,'魔獣オルトロス',80,0,1000,1400,1,180,360,1,100,160,100,40,0,0,0,0,0,0,263,93,1,1,0,30,1,0,0,1,6291456,'',0,0);
INSERT INTO "ClassData" VALUES(3120,'魔獣ケルベロス',99,0,1250,1530,1,290,390,1,140,190,100,40,0,0,0,0,0,0,279,109,1,1,0,30,1,0,0,1,6291456,'',0,0);
INSERT INTO "ClassData" VALUES(3200,'ロイヤルガード',80,17,900,1500,1,140,280,1,150,345,100,40,3230,100,200,300,310,1210,274,0,1,2,0,30,2,20,0,0,6291456,'２体までの敵を足止めできる',0,0);
INSERT INTO "ClassData" VALUES(3230,'ロイヤルオーダー',99,17,1250,2350,1,225,320,1,270,420,100,40,0,0,0,0,0,0,274,0,1,2,2,30,2,50,0,0,6291456,'２体までの敵を足止めできる',0,0);
INSERT INTO "ClassData" VALUES(3300,'リッチ',80,20,8000,8000,1,500,500,1,300,300,100,40,0,0,0,0,0,0,263,53,1,1,0,30,3,0,0,1,6291456,'',0,0);
INSERT INTO "ClassData" VALUES(3400,'仙人',80,15,900,1800,1,110,250,1,310,760,100,40,3430,300,1400,11300,1810,11210,297,120,1,0,0,30,2,20,0,0,6291456,'通常時は空を飛び遠距離の物理攻撃スキル使用で地上に降りる',0,0);
INSERT INTO "ClassData" VALUES(3430,'大仙人',99,15,1600,2178,1,280,510,1,720,868,100,40,0,0,0,0,0,0,297,120,1,0,2,30,2,50,0,0,6291456,'通常時は空を飛び遠距離の物理攻撃スキル使用で地上に降りる',0,0);
INSERT INTO "ClassData" VALUES(3500,'魔神',80,16,1000,2800,1,220,450,1,140,230,100,40,3530,1400,10600,1700,1610,1710,306,0,1,1,0,30,2,20,0,1,6291456,'自身が死亡した場合撤退として扱う防御無視攻撃HPが回復しない',176,0);
INSERT INTO "ClassData" VALUES(3530,'魔神王',99,19,2600,3350,1,420,580,1,180,260,100,40,0,0,0,0,0,0,306,0,1,1,2,30,2,20,0,1,6291456,'自身が死亡した場合撤退として扱う防御無視攻撃HPが回復しない',176,0);
INSERT INTO "ClassData" VALUES(3600,'マーセナリー',80,0,1000,1300,1,210,320,1,200,315,100,40,0,0,0,0,0,0,167,0,1,1,0,30,1,0,0,0,6291664,'',0,0);
INSERT INTO "ClassData" VALUES(3620,'マスターマーセナリー',99,0,1350,1750,1,350,445,1,330,430,100,40,0,0,0,0,0,0,167,0,1,2,0,30,1,0,0,0,6291664,'',0,0);
INSERT INTO "ClassData" VALUES(3700,'仙猿',80,15,1000,1900,1,120,260,1,310,660,100,40,3730,300,1400,11300,1810,11210,327,129,1,0,0,30,2,20,0,0,6291456,'通常時は空を飛び遠距離の物理攻撃スキル使用で地上に降りる',0,0);
INSERT INTO "ClassData" VALUES(3730,'大仙猿',99,15,1650,2250,1,260,500,1,600,800,100,40,0,0,0,0,0,0,327,129,1,0,2,30,2,50,0,0,6291456,'通常時は空を飛び遠距離の物理攻撃スキル使用で地上に降りる',0,0);
INSERT INTO "ClassData" VALUES(3800,'ガーディアンゴーレム',99,0,4000,5400,1,1800,2300,1,1000,1600,100,40,0,0,0,0,0,0,331,-1,1,2,0,240,2,0,0,0,6291456,'',0,0);
INSERT INTO "ClassData" VALUES(3900,'戦の聖霊',80,12,900,1275,1,120,250,2,100,210,100,40,3930,400,800,1700,110,210,339,111,1,2,0,30,2,20,0,0,6291456,'ブロックした敵全員を攻撃できる',0,0);
INSERT INTO "ClassData" VALUES(3930,'戦の大聖霊',99,12,1180,1600,1,205,330,2,175,300,100,40,0,0,0,0,0,0,339,111,1,2,2,30,2,50,0,0,6291456,'ブロックした敵全員を攻撃できる',0,0);
INSERT INTO "ClassData" VALUES(4000,'ダークストーカー',80,22,960,1380,1,240,480,1,180,300,100,40,4030,100,1700,10600,410,1210,365,0,1,1,0,30,2,20,0,0,6291456,'自身が死亡した場合撤退として扱うエンジェル系の敵に対して攻撃力アップ',235,130);
INSERT INTO "ClassData" VALUES(4030,'アビスダークストーカー',99,22,1250,1900,1,410,580,1,270,350,100,40,0,0,0,0,0,0,365,0,1,1,2,30,2,50,0,0,6291456,'自身が死亡した場合撤退として扱うエンジェル系の敵に対して攻撃力大幅アップ',251,150);
INSERT INTO "ClassData" VALUES(4100,'スチームタンク',99,0,1200,1600,1,0,0,1,700,1000,100,40,0,0,0,0,0,0,377,-1,1,1,0,240,2,0,0,0,6291456,'',0,0);
INSERT INTO "ClassData" VALUES(9900,'王子',99,10,700,1400,1,200,400,1,150,300,100,40,0,0,0,0,0,0,6,-1,1,1,0,30,1,5,0,0,6291456,'味方全員の能力を高める',0,0);
INSERT INTO "ClassData" VALUES(9920,'王子【神器装備】',99,26,1400,2200,1,400,500,1,300,660,100,40,0,0,0,0,0,0,6,-1,1,3,0,30,1,5,0,0,6291456,'？？？',0,0);
INSERT INTO "ClassData" VALUES(10000,'アーチャー',50,6,550,800,1,110,190,1,50,90,100,200,10010,10000,10000,0,0,0,2,0,0,0,0,20,2,7,0,0,0,'飛行ユニットを優先して攻撃飛行ユニットに対し少しだけ攻撃力アップ',123,110);
INSERT INTO "ClassData" VALUES(10001,'下級アーチャー',50,6,550,800,1,110,190,1,50,90,100,200,0,0,0,0,0,0,2,0,0,0,0,20,2,5,0,0,0,'飛行ユニットを優先して攻撃飛行ユニットに対し少しだけ攻撃力アップ',123,110);
INSERT INTO "ClassData" VALUES(10010,'スナイパー',80,9,800,1100,1,190,285,1,90,130,100,260,10020,10000,10000,10400,0,0,2,0,0,0,1,30,2,20,0,0,0,'飛行ユニットを優先して攻撃飛行ユニットに対し少しだけ攻撃力アップ',123,110);
INSERT INTO "ClassData" VALUES(10020,'アルテミス',99,9,995,1400,1,240,345,1,110,165,100,260,0,0,0,0,0,0,2,48,0,0,2,30,3,50,0,0,0,'飛行ユニットを優先して攻撃飛行ユニットに対し攻撃力アップ',125,130);
INSERT INTO "ClassData" VALUES(10100,'メイジ',50,25,500,750,1,220,300,1,20,50,100,170,10110,100,10100,0,0,0,70,1,0,0,0,120,1,7,0,1,0,'防御力無視の範囲攻撃',0,0);
INSERT INTO "ClassData" VALUES(10101,'下級メイジ',50,25,500,750,1,220,300,1,20,50,100,140,0,0,0,0,0,0,70,1,0,0,0,120,1,5,0,1,0,'防御力無視の範囲攻撃',0,0);
INSERT INTO "ClassData" VALUES(10110,'ウォーロック',80,28,750,1000,1,300,375,1,50,80,100,240,10120,10100,10300,800,0,0,70,1,0,0,1,120,1,20,0,1,0,'防御力無視の範囲攻撃',0,0);
INSERT INTO "ClassData" VALUES(10120,'アークメイジ',99,28,875,1250,1,345,460,1,65,95,100,240,0,0,0,0,0,0,70,1,0,0,2,120,1,50,0,1,0,'防御力無視の範囲攻撃',0,0);
INSERT INTO "ClassData" VALUES(10200,'ヒーラー',50,12,600,900,1,100,170,1,30,70,100,220,10210,10000,10100,0,0,0,24,2,0,0,0,90,2,7,0,1,0,'味方ユニットのHPを回復',0,0);
INSERT INTO "ClassData" VALUES(10210,'プリースト',80,15,900,1200,1,170,320,1,70,120,100,260,10220,10200,10200,10100,0,0,24,2,0,0,1,90,2,20,0,1,0,'味方ユニットのHPを回復',0,0);
INSERT INTO "ClassData" VALUES(10220,'セイント',99,15,1095,1500,1,280,360,1,95,150,100,260,0,0,0,0,0,0,24,2,0,0,2,90,2,50,0,1,0,'味方ユニットのHPを回復し、状態異常の回復を早める',134,200);
INSERT INTO "ClassData" VALUES(10300,'ウィッチ',50,6,500,750,1,100,160,1,20,50,100,160,10310,10000,10100,0,0,0,42,3,0,0,0,60,2,7,0,1,0,'敵の移動速度を下げる',0,0);
INSERT INTO "ClassData" VALUES(10310,'ロードウィッチ',80,9,750,1000,1,160,265,1,50,80,100,210,10320,10300,10300,10100,0,0,42,3,0,0,1,60,2,20,0,1,0,'敵の移動速度を下げる',0,0);
INSERT INTO "ClassData" VALUES(10320,'アークウィッチ',99,9,875,1250,1,220,325,1,65,95,100,210,0,0,0,0,0,0,42,25,0,0,2,60,2,50,0,1,0,'敵の移動速度をさらに下げる',0,0);
INSERT INTO "ClassData" VALUES(10400,'パイレーツ',50,8,650,900,1,230,310,1,70,120,100,290,10410,10000,600,0,0,0,123,10,0,0,0,60,1,7,0,4,0,'飛行ユニットを優先して攻撃敵の移動速度を下げる',0,0);
INSERT INTO "ClassData" VALUES(10401,'下級パイレーツ',50,8,650,900,1,230,310,1,70,120,100,280,0,0,0,0,0,0,87,10,0,0,0,60,1,5,0,4,0,'飛行ユニットを優先して攻撃敵の移動速度を下げる',0,0);
INSERT INTO "ClassData" VALUES(10410,'キャプテン',80,11,900,1300,1,310,385,1,120,160,100,310,10420,10400,400,600,0,0,123,10,0,0,1,60,1,20,0,4,0,'飛行ユニットを優先して攻撃敵の移動速度を下げる',0,0);
INSERT INTO "ClassData" VALUES(10420,'キングオブパイレーツ',99,11,1100,1550,1,355,440,1,140,190,100,310,0,0,0,0,0,0,123,10,0,0,2,60,1,50,0,4,0,'飛行ユニットを優先して攻撃敵の移動速度を下げる',0,0);
INSERT INTO "ClassData" VALUES(10500,'ドラゴンシャーマン',80,22,800,1300,1,130,300,1,70,150,100,240,10530,10100,10200,702,10210,10710,98,2,0,0,0,90,3,20,0,1,0,'味方ユニットのHPを回復',0,0);
INSERT INTO "ClassData" VALUES(10530,'ドラゴンシャーマンロード',99,22,1300,2100,1,280,335,1,130,265,100,240,0,0,0,0,0,0,98,2,0,0,2,90,3,50,0,1,0,'味方ユニットのHPを回復',0,0);
INSERT INTO "ClassData" VALUES(10600,'ヴァンパイアハンター',50,8,840,1080,1,110,160,2,96,156,100,200,10610,10000,10000,0,0,0,174,16,0,0,0,40,2,7,0,0,0,'２本の矢を同時に発射アンデッドタイプの敵に対して攻撃力アップ',120,150);
INSERT INTO "ClassData" VALUES(10610,'ヴァンパイアキラー',80,11,1080,1560,1,160,210,3,156,204,100,210,10620,10600,10300,10200,0,0,174,16,0,0,1,60,2,20,0,0,0,'３本の矢を同時に発射アンデッドタイプの敵に対して攻撃力アップ',120,150);
INSERT INTO "ClassData" VALUES(10620,'アンデッドキラー',99,11,1320,1920,1,185,245,3,180,252,100,210,0,0,0,0,0,0,174,16,0,0,2,60,2,50,0,0,0,'３本の矢を同時に発射アンデッドタイプの敵に対して攻撃力アップ',122,180);
INSERT INTO "ClassData" VALUES(10700,'シャーマン',50,8,450,700,1,90,140,1,20,50,100,170,10710,10000,10100,10300,0,0,24,3,0,0,0,70,2,7,0,1,0,'敵の移動速度を下げる',0,0);
INSERT INTO "ClassData" VALUES(10710,'ハイシャーマン',80,11,700,900,1,140,245,1,50,80,100,220,10720,10300,10200,10000,0,0,24,3,0,0,1,70,2,20,0,1,0,'敵の移動速度を下げる',0,0);
INSERT INTO "ClassData" VALUES(10720,'シャーマンロード',99,11,800,1150,1,195,315,1,65,95,100,220,0,0,0,0,0,0,24,3,0,0,2,70,2,50,0,1,0,'敵の移動速度を下げる',0,0);
INSERT INTO "ClassData" VALUES(10800,'ビショップ',50,26,450,700,1,220,300,1,20,50,100,170,10810,10100,10100,10200,0,0,238,1,0,0,0,120,2,7,0,1,0,'防御力無視の範囲攻撃',0,0);
INSERT INTO "ClassData" VALUES(10810,'ハイビショップ',80,29,700,950,1,300,360,1,50,80,100,260,10820,10100,10200,10000,0,0,238,1,0,0,1,120,2,20,0,1,0,'防御力無視の範囲攻撃',0,0);
INSERT INTO "ClassData" VALUES(10820,'エルダービショップ',99,29,825,1200,1,330,430,1,65,95,100,260,0,0,0,0,0,0,238,1,0,0,2,120,2,50,0,1,0,'防御力無視の範囲攻撃',0,0);
INSERT INTO "ClassData" VALUES(10900,'後衛戦術家',50,4,500,700,1,90,120,2,30,70,100,140,10910,10100,10200,10300,0,0,2,18,0,0,0,10,1,7,0,0,0,'スキルの再使用までの時間を１０％短縮',117,10);
INSERT INTO "ClassData" VALUES(10910,'後衛軍師',80,6,700,900,1,130,180,2,70,120,100,180,10920,10000,1000,10400,0,0,2,18,0,0,1,10,1,20,0,0,0,'スキルの再使用までの時間を２０％短縮',118,20);
INSERT INTO "ClassData" VALUES(10920,'参謀軍師',99,6,800,1300,1,162,240,2,102,170,100,210,0,0,0,0,0,0,2,18,0,0,2,10,1,50,0,0,0,'スキルの再使用までの時間を３０％短縮',119,30);
INSERT INTO "ClassData" VALUES(11000,'陰陽師',80,12,600,1000,1,100,180,1,30,80,100,230,11030,800,10100,10300,10310,10710,130,19,0,0,0,85,1,20,0,1,0,'トークンを使役可能敵の移動速度を大幅に低下させる防御力無視の範囲攻撃',0,0);
INSERT INTO "ClassData" VALUES(11030,'陰陽頭',99,12,850,1300,1,170,220,1,65,100,100,230,0,0,0,0,0,0,130,19,0,0,2,85,1,50,0,1,0,'トークンを使役可能敵の移動速度を大幅に低下させる防御力無視の範囲攻撃',0,0);
INSERT INTO "ClassData" VALUES(11100,'サモナー',80,12,700,1000,1,280,400,1,40,90,100,230,11130,10100,10200,10300,10110,11410,70,24,0,0,0,60,1,20,0,1,0,'スキル使用中だけ召喚魔法で攻撃',0,0);
INSERT INTO "ClassData" VALUES(11130,'サモンマスター',99,12,820,1050,1,380,625,1,85,100,100,240,0,0,0,0,0,0,70,24,0,0,2,60,1,50,0,1,0,'スキル使用中だけ召喚魔法で攻撃',0,0);
INSERT INTO "ClassData" VALUES(11200,'風水使い',50,8,700,1000,1,70,110,2,50,90,100,190,11210,10000,10100,10200,0,0,151,2,0,0,0,93,1,7,0,0,0,'地形の影響を３０％軽減悪天候の時間を５０％短縮範囲内の味方２人まで同時に回復',109,0);
INSERT INTO "ClassData" VALUES(11210,'風水士',80,11,1000,1300,1,110,170,2,90,140,100,220,11220,10100,10200,10200,0,0,151,2,0,0,1,93,1,20,0,0,0,'地形の影響を５０％軽減悪天候の時間を５０％短縮範囲内の味方２人まで同時に回復',109,0);
INSERT INTO "ClassData" VALUES(11220,'風水導士',99,11,1000,1550,1,150,190,3,120,170,100,220,0,0,0,0,0,0,151,2,0,0,2,93,1,50,0,0,0,'地形の影響を７０％軽減悪天候の時間を５０％短縮範囲内の味方３人まで同時に回復',109,0);
INSERT INTO "ClassData" VALUES(11300,'砲術士',50,20,500,750,1,250,350,1,20,50,100,270,11310,100,10000,11300,0,0,192,29,0,0,0,120,1,7,0,0,0,'長射程の範囲物理攻撃',0,0);
INSERT INTO "ClassData" VALUES(11310,'重砲士',80,24,750,1000,1,350,470,1,50,80,100,300,11320,11300,10100,10400,0,0,192,29,0,0,1,120,1,20,0,0,0,'長射程の範囲物理攻撃',0,0);
INSERT INTO "ClassData" VALUES(11320,'キャノンマスター',99,24,800,1300,1,430,590,1,65,100,100,320,0,0,0,0,0,0,192,50,0,0,2,120,1,50,0,0,0,'長射程の範囲物理攻撃',0,0);
INSERT INTO "ClassData" VALUES(11400,'ダンサー',50,0,400,500,1,75,120,0,75,120,100,140,11410,300,10200,10200,0,0,155,0,0,0,0,600,0,7,0,0,0,'範囲内の味方の攻撃力と防御力の最終値に自身の１０％分の値を加算する',0,0);
INSERT INTO "ClassData" VALUES(11410,'トップダンサー',80,1,500,650,1,120,210,0,120,210,100,170,11420,300,1000,10200,0,0,155,0,0,0,1,600,0,20,0,0,0,'範囲内の味方の攻撃力と防御力の最終値に自身の１０％分の値を加算する',0,0);
INSERT INTO "ClassData" VALUES(11420,'スーパーダンサー',99,1,560,1000,1,190,255,0,190,255,100,170,0,0,0,0,0,0,155,0,0,0,2,600,0,50,0,0,0,'範囲内の味方の攻撃力と防御力の最終値に自身の１０％分の値を加算する',0,0);
INSERT INTO "ClassData" VALUES(11500,'政務官',30,0,600,950,1,100,120,0,80,100,100,140,0,0,0,0,0,0,70,0,0,0,0,60,0,20,0,0,0,'範囲内の王子の攻撃力と防御力の最終値に自身の１０％分の値を加算する',0,0);
INSERT INTO "ClassData" VALUES(11600,'ネクロマンサー',80,11,600,950,1,290,420,1,30,80,100,250,11630,10000,10100,10300,10110,12010,195,53,0,0,0,140,1,20,0,1,0,'トークンを使役可能防御力無視の遠距離攻撃',0,0);
INSERT INTO "ClassData" VALUES(11630,'ヘルネクロマンサー',99,11,850,1300,1,370,550,1,30,80,100,280,0,0,0,0,0,0,195,53,0,0,2,140,1,50,0,1,0,'トークンを使役可能防御力無視の遠距離攻撃',0,0);
INSERT INTO "ClassData" VALUES(11700,'クロノウィッチ',80,10,450,950,1,110,240,1,40,100,100,210,11730,2200,10100,10300,10910,12110,42,141,0,0,0,65,1,20,0,1,0,'範囲内の敵の移動速度を常時30％下げる',205,0);
INSERT INTO "ClassData" VALUES(11730,'アーククロノウィッチ',99,10,810,1300,1,210,305,1,80,125,100,210,0,0,0,0,0,0,42,141,0,0,2,65,1,50,0,1,0,'範囲内の敵の移動速度を常時40％下げる',0,0);
INSERT INTO "ClassData" VALUES(11800,'ドルイド',80,10,650,1050,1,210,360,1,35,85,100,270,11830,400,1600,10800,10810,12310,225,67,0,0,0,140,1,20,0,1,0,'味方のHPを回復するトークンを使役可能防御力無視の遠距離攻撃',0,0);
INSERT INTO "ClassData" VALUES(11830,'マスタードルイド',99,10,840,1200,1,300,450,1,65,120,100,270,0,0,0,0,0,0,225,67,0,0,2,140,1,50,0,1,0,'味方のHPを回復するトークンを使役可能防御力無視の遠距離攻撃',0,0);
INSERT INTO "ClassData" VALUES(11900,'生命の木',80,0,450,650,1,100,220,1,20,50,100,220,0,0,0,0,0,0,226,2,0,0,0,100,1,0,0,0,0,'',0,0);
INSERT INTO "ClassData" VALUES(11920,'覚醒生命の木',99,0,570,1050,1,165,290,1,38,85,100,280,0,0,0,0,0,0,226,2,0,0,0,100,1,0,0,0,0,'',0,0);
INSERT INTO "ClassData" VALUES(12000,'アルケミスト',50,11,550,800,1,125,175,1,30,60,100,160,12010,10100,10100,11300,0,0,227,69,0,0,0,80,2,7,0,0,0,'攻撃または範囲攻撃がヒットした敵の防御力を一定時間半減',0,0);
INSERT INTO "ClassData" VALUES(12010,'ハイアルケミスト',80,16,750,1000,1,175,255,1,60,80,100,180,12020,2200,10100,11300,0,0,227,69,0,0,1,80,2,20,0,0,0,'攻撃または範囲攻撃がヒットした敵の防御力を一定時間半減',0,0);
INSERT INTO "ClassData" VALUES(12020,'マスターアルケミスト',99,16,800,1300,1,215,320,1,65,95,100,200,0,0,0,0,0,0,227,87,0,0,2,80,2,50,0,0,0,'攻撃または範囲攻撃がヒットした敵の防御力を一定時間半減',0,0);
INSERT INTO "ClassData" VALUES(12100,'レンジャー',50,6,600,850,1,130,190,1,60,100,100,200,12110,10000,10000,400,0,0,228,0,0,0,0,30,2,7,0,0,0,'トラップトークンを設置可能飛行ユニットを優先して攻撃悪天候の影響を受けない',0,0);
INSERT INTO "ClassData" VALUES(12110,'ハイレンジャー',80,9,850,1200,1,190,270,1,100,145,100,240,12120,10000,10000,1000,0,0,228,0,0,0,1,30,2,20,0,0,0,'強化トラップトークンを設置可能飛行ユニットを優先して攻撃悪天候の影響を受けない',0,0);
INSERT INTO "ClassData" VALUES(12120,'マスターレンジャー',99,9,1100,1400,1,240,355,1,130,190,100,260,0,0,0,0,0,0,228,0,0,0,2,30,2,50,0,0,0,'超強化トラップトークンを設置可能飛行ユニットを優先して攻撃悪天候の影響を受けない',0,0);
INSERT INTO "ClassData" VALUES(12200,'シーフ',50,1,550,700,1,58,94,1,30,60,100,140,12210,10000,600,400,0,0,254,18,0,0,0,30,2,7,0,0,0,'出撃メンバーにいるだけでユニット以外のドロップ率が3％上昇、敵の攻撃力とHPが1.2倍',135,0);
INSERT INTO "ClassData" VALUES(12210,'マスターシーフ',80,2,700,850,1,94,153,1,60,90,100,140,12220,400,600,1000,0,0,254,18,0,0,1,30,2,20,0,0,0,'出撃メンバーにいるだけでユニット以外のドロップ率が3％上昇、敵の攻撃力とHPが1.2倍',135,0);
INSERT INTO "ClassData" VALUES(12220,'トレジャーハンター',99,2,780,1100,1,129,224,1,70,130,100,170,0,0,0,0,0,0,254,18,0,0,2,30,2,50,0,0,0,'出撃メンバーにいるだけでユニット以外のドロップ率が5％上昇、敵の攻撃力とHPが1.3倍',156,0);
INSERT INTO "ClassData" VALUES(12300,'呪術使い',50,4,550,750,1,60,110,1,40,70,100,200,12310,1000,10100,10300,0,0,258,53,0,0,0,140,1,7,0,1,0,'範囲内の敵は攻撃力が下がりHPが大きく減っているときに自分や味方の攻撃を当てると一撃で倒せる',0,0);
INSERT INTO "ClassData" VALUES(12310,'呪術師',80,6,750,1000,1,110,180,1,70,100,100,220,12320,1000,10300,10800,0,0,258,53,0,0,1,140,1,20,0,1,0,'範囲内の敵は攻撃力が下がりHPが大きく減っているときに自分や味方の攻撃を当てると一撃で倒せる',0,0);
INSERT INTO "ClassData" VALUES(12320,'大呪術師長',99,6,900,1250,1,155,260,1,88,120,100,240,0,0,0,0,0,0,258,53,0,0,2,140,1,50,0,1,0,'範囲内の敵は攻撃力が下がりHPが大きく減っているときに自分や味方の攻撃を当てると一撃で倒せる',0,0);
INSERT INTO "ClassData" VALUES(12400,'魔物使い',80,10,800,1100,1,140,270,1,30,80,100,210,12430,10000,10100,10800,410,10910,262,97,0,0,0,65,1,20,0,1,0,'トークンを使役可能防御力無視の遠距離攻撃',0,0);
INSERT INTO "ClassData" VALUES(12430,'魔獣使い',99,10,1000,1300,1,230,310,1,30,85,130,210,0,0,0,0,0,0,262,97,0,0,2,65,1,50,0,1,0,'トークンを使役可能防御力無視の遠距離攻撃',0,0);
INSERT INTO "ClassData" VALUES(12500,'ダークプリースト',50,15,650,950,1,130,210,1,30,60,100,210,12510,10100,10200,10800,0,0,262,53,0,0,0,100,2,7,0,1,0,'射程内に敵がいる場合は防御力無視の遠距離攻撃いない場合は味方ユニットのHPを回復',0,0);
INSERT INTO "ClassData" VALUES(12510,'ダークハイプリースト',80,18,950,1250,1,210,340,1,60,110,100,210,0,0,0,0,0,0,266,53,0,0,1,100,2,20,0,1,0,'射程内に敵がいる場合は防御力無視の遠距離攻撃いない場合は味方ユニットのHPを回復',0,0);
INSERT INTO "ClassData" VALUES(12600,'メトゥス',80,12,20000,20000,1,650,650,1,250,250,100,250,0,0,0,0,0,0,195,53,0,0,0,90,1,0,0,1,0,'',0,0);
INSERT INTO "ClassData" VALUES(12700,'エンチャンター',80,15,700,1200,1,160,290,1,40,90,100,220,12730,1600,10200,10300,12010,2410,262,111,0,0,0,60,1,20,0,1,0,'防御力無視の遠距離攻撃スキル発動時にゴーレムタイプの敵の動きを止める',160,0);
INSERT INTO "ClassData" VALUES(12730,'ハイエンチャンター',99,15,980,1400,1,230,380,1,70,110,100,220,0,0,0,0,0,0,262,111,0,0,2,60,1,50,0,1,0,'フィールドに1体のみ配置できるトークンを使役可能　防御力無視の遠距離攻撃　スキル発動時にゴーレムタイプの敵の動きを止める',160,0);
INSERT INTO "ClassData" VALUES(12800,'マーチャント',80,4,700,1200,1,180,270,1,75,135,100,260,12830,10000,10400,11300,1910,12210,262,10,0,0,0,90,1,20,0,0,0,'敵を倒すとまれにゴールドを入手できる「ゴールドゲット！」を持つトークンを使役可能敵の移動速度を下げる',0,0);
INSERT INTO "ClassData" VALUES(12830,'エルダーマーチャント',99,4,1000,1350,1,240,400,1,115,155,100,300,0,0,0,0,0,0,262,10,0,0,2,90,2,50,0,0,0,'敵を倒すとまれにゴールドを入手できる「ゴールドゲット！」を持つブロック数２のトークンを使役可能、敵の移動速度を下げる',0,0);
INSERT INTO "ClassData" VALUES(12900,'フェンリルシャーマン',80,12,900,1650,1,120,200,1,30,70,100,230,12930,10000,10200,10800,10210,12310,322,2,0,0,0,90,2,20,0,1,0,'味方ユニットのHPを回復スキル使用時に範囲内の敵の攻撃力を下げる',0,0);
INSERT INTO "ClassData" VALUES(12930,'フェンリルシャーマンロード',99,12,1400,2102,1,175,298,1,55,112,100,250,0,0,0,0,0,0,322,2,0,0,2,90,2,50,0,1,0,'味方ユニットのHPを回復スキル使用時に範囲内の敵の攻撃力を下げる',0,0);
INSERT INTO "ClassData" VALUES(13000,'',1,0,1000,1000,1,0,0,0,100,100,100,40,0,0,0,0,0,0,353,0,0,0,0,100,1,0,0,0,0,'',0,0);
INSERT INTO "ClassData" VALUES(13020,'避禍予見の鏡影',1,0,1000,1000,1,0,0,0,100,100,100,40,0,0,0,0,0,0,353,0,0,0,0,100,1,0,0,0,0,'',222,0);
INSERT INTO "ClassData" VALUES(13100,'モンスタースレイヤー',80,13,600,1000,1,500,800,1,30,80,100,400,13130,10000,10400,10600,11310,10410,356,10,0,0,0,135,2,20,0,0,0,'飛行ユニットを優先して攻撃敵の移動速度を下げる',0,0);
INSERT INTO "ClassData" VALUES(13130,'モンスターバスター',99,13,900,1250,1,700,1000,1,75,140,100,400,0,0,0,0,0,0,356,10,0,0,2,135,2,50,0,0,0,'飛行ユニットを優先して攻撃敵の移動速度を下げる',0,0);
INSERT INTO "ClassData" VALUES(13200,'プリズムミラー',99,0,875,1250,1,220,325,1,65,95,100,210,0,0,0,0,0,0,379,25,0,0,0,60,2,0,0,1,0,'',0,0);
INSERT INTO "ClassData" VALUES(1,'鉄の聖霊',1,99,0,0,0,0,0,0,0,0,0,0,0,0,0,0,0,0,0,0,0,0,0,0,1,5,0,0,0,'合成専用のユニットです。',0,0);
INSERT INTO "ClassData" VALUES(2,'銅の聖霊',1,99,0,0,0,0,0,0,0,0,0,0,0,0,0,0,0,0,0,0,0,0,0,0,1,5,0,0,0,'合成専用のユニットです。',0,0);
INSERT INTO "ClassData" VALUES(3,'銀の聖霊',1,99,0,0,0,0,0,0,0,0,0,0,0,0,0,0,0,0,0,0,0,0,0,0,1,5,0,0,0,'合成専用のユニットです。',0,0);
INSERT INTO "ClassData" VALUES(4,'金の聖霊',1,99,0,0,0,0,0,0,0,0,0,0,0,0,0,0,0,0,0,0,0,0,0,0,1,5,0,0,0,'合成専用のユニットです。',0,0);
INSERT INTO "ClassData" VALUES(5,'白金の聖霊',1,99,0,0,0,0,0,0,0,0,0,0,0,0,0,0,0,0,0,0,0,0,0,0,1,5,0,0,0,'合成専用のユニットです。',0,0);
INSERT INTO "ClassData" VALUES(6,'黒の聖霊',1,99,0,0,0,0,0,0,0,0,0,0,0,0,0,0,0,0,0,0,0,0,0,0,1,5,0,0,0,'合成専用のユニットです。',0,0);
INSERT INTO "ClassData" VALUES(7,'虹の聖霊',1,99,0,0,0,0,0,0,0,0,0,0,0,0,0,0,0,0,0,0,0,0,0,0,1,5,0,0,0,'合成専用のユニットです。',0,0);
INSERT INTO "ClassData" VALUES(8,'換金ユニット',1,99,0,0,0,0,0,0,0,0,0,0,0,0,0,0,0,0,0,0,0,0,0,0,1,5,0,0,0,'引退すればGが多く手に入ります',0,0);
INSERT INTO "ClassData" VALUES(9,'時の聖霊',1,99,0,0,0,0,0,0,0,0,0,0,0,0,0,0,0,0,0,0,0,0,0,0,1,5,0,0,0,'合成専用のユニットです。',0,0);
INSERT INTO "ClassData" VALUES(10,'経験値ユニット',1,99,0,0,0,0,0,0,0,0,0,0,0,0,0,0,0,0,0,0,0,0,0,0,1,5,0,0,0,'合成継承でEXPが多く手に入ります',0,0);
INSERT INTO "ClassData" VALUES(11,'覚醒の聖霊',1,99,0,0,0,0,0,0,0,0,0,0,0,0,0,0,0,0,0,0,0,0,0,0,1,5,0,0,0,'秘められた能力を覚醒させる。',0,0);
INSERT INTO "ClassData" VALUES(12,'聖霊女王',1,99,0,0,0,0,0,0,0,0,0,0,0,0,0,0,0,0,0,0,0,0,0,0,1,5,0,0,0,'合成専用のユニットです。',0,0);
INSERT INTO "ClassData" VALUES(13,'祝福の聖霊',1,99,0,0,0,0,0,0,0,0,0,0,0,0,0,0,0,0,0,0,0,0,0,0,1,5,0,0,0,'合成専用のユニットです。',0,0);
INSERT INTO "ClassData" VALUES(14,'技覚醒の聖霊',1,99,0,0,0,0,0,0,0,0,0,0,0,0,0,0,0,0,0,0,0,0,0,0,1,5,0,0,0,'合成専用のユニットです。',0,0);
INSERT INTO "ClassData" VALUES(15,'刻の聖霊',1,99,0,0,0,0,0,0,0,0,0,0,0,0,0,0,0,0,0,0,0,0,0,0,1,5,0,0,0,'合成専用のユニットです。',0,0);
INSERT INTO "ClassData" VALUES(16,'光彩の聖霊',1,99,0,0,0,0,0,0,0,0,0,0,0,0,0,0,0,0,0,0,0,0,0,0,1,5,0,0,0,'合成専用のユニットです。',0,0);
INSERT INTO "ClassData" VALUES(17,'小祝福の聖霊',1,99,0,0,0,0,0,0,0,0,0,0,0,0,0,0,0,0,0,0,0,0,0,0,1,5,0,0,0,'合成専用のユニットです。同じレアリティのユニットにのみ合成できます。',0,0);
INSERT INTO "ClassData" VALUES(18,'絆の聖霊　',1,99,0,0,0,0,0,0,0,0,0,0,0,0,0,0,0,0,0,0,0,0,0,0,1,5,0,0,0,'合成専用のユニットです。同じレアリティのユニットにのみ合成でき、一定確率で出撃コストを下げます。',0,0);
INSERT INTO "ClassData" VALUES(19,'',1,99,0,0,0,0,0,0,0,0,0,0,0,0,0,0,0,0,0,0,0,0,0,0,1,5,0,0,0,'合成専用のユニットです。同じレアリティのユニットにのみ合成できます。',0,0);
INSERT INTO "ClassData" VALUES(20,'',1,99,0,0,0,0,0,0,0,0,0,0,0,0,0,0,0,0,0,0,0,0,0,0,1,5,0,0,0,'合成専用のユニットです。同じレアリティのユニットにのみ合成できます。',0,0);
INSERT INTO "ClassData" VALUES(21,'',1,99,0,0,0,0,0,0,0,0,0,0,0,0,0,0,0,0,0,0,0,0,0,0,1,5,0,0,0,'合成専用のユニットです。同じレアリティのユニットにのみ合成できます。',0,0);
INSERT INTO "ClassData" VALUES(22,'',1,99,0,0,0,0,0,0,0,0,0,0,0,0,0,0,0,0,0,0,0,0,0,0,1,5,0,0,0,'合成専用のユニットです。同じレアリティのユニットにのみ合成できます。',0,0);
INSERT INTO "ClassData" VALUES(23,'極金の聖霊',1,99,0,0,0,0,0,0,0,0,0,0,0,0,0,0,0,0,0,0,0,0,0,0,1,5,0,0,0,'合成専用のユニットです。同じレアリティのユニットにのみ合成でき、一定確率で出撃コストを下げます。',0,0);
INSERT INTO "ClassData" VALUES(24,'極白金の聖霊',1,99,0,0,0,0,0,0,0,0,0,0,0,0,0,0,0,0,0,0,0,0,0,0,1,5,0,0,0,'合成専用のユニットです。同じレアリティのユニットにのみ合成でき、一定確率で出撃コストを下げます。',0,0);
INSERT INTO "ClassData" VALUES(25,'極黒の聖霊',1,99,0,0,0,0,0,0,0,0,0,0,0,0,0,0,0,0,0,0,0,0,0,0,1,5,0,0,0,'合成専用のユニットです。同じレアリティのユニットにのみ合成でき、一定確率で出撃コストを下げます。',0,0);
INSERT INTO "ClassData" VALUES(26,'',1,99,0,0,0,0,0,0,0,0,0,0,0,0,0,0,0,0,0,0,0,0,0,0,1,5,0,0,0,'合成専用のユニットです。同じレアリティのユニットにのみ合成できます。',0,0);
INSERT INTO "ClassData" VALUES(27,'',1,99,0,0,0,0,0,0,0,0,0,0,0,0,0,0,0,0,0,0,0,0,0,0,1,5,0,0,0,'合成専用のユニットです。同じレアリティのユニットにのみ合成できます。',0,0);
INSERT INTO "ClassData" VALUES(28,'',1,99,0,0,0,0,0,0,0,0,0,0,0,0,0,0,0,0,0,0,0,0,0,0,1,5,0,0,0,'合成専用のユニットです。同じレアリティのユニットにのみ合成できます。',0,0);
INSERT INTO "ClassData" VALUES(29,'',1,99,0,0,0,0,0,0,0,0,0,0,0,0,0,0,0,0,0,0,0,0,0,0,1,5,0,0,0,'合成専用のユニットです。同じレアリティのユニットにのみ合成できます。',0,0);
CREATE TABLE NameText (RowIndex INTEGER,Message TEXT );
INSERT INTO "NameText" VALUES(1,'主人公');
INSERT INTO "NameText" VALUES(2,'一般兵A【弓】');
INSERT INTO "NameText" VALUES(3,'王国重歩兵ラセル');
INSERT INTO "NameText" VALUES(4,'山賊 手下A');
INSERT INTO "NameText" VALUES(5,'弓兵ウィルフレッド');
INSERT INTO "NameText" VALUES(6,'一般兵A');
INSERT INTO "NameText" VALUES(7,'兵士長ユリアン');
INSERT INTO "NameText" VALUES(8,'傭兵クレイブ');
INSERT INTO "NameText" VALUES(9,'破壊者ギャレット');
INSERT INTO "NameText" VALUES(10,'金色の盾ベルナール');
INSERT INTO "NameText" VALUES(11,'王国魔術師ロイ');
INSERT INTO "NameText" VALUES(12,'魔導師ヴァレリー');
INSERT INTO "NameText" VALUES(13,'黒衣のサイラス');
INSERT INTO "NameText" VALUES(14,'山賊頭モーティマ');
INSERT INTO "NameText" VALUES(15,'狂戦士フューネス');
INSERT INTO "NameText" VALUES(16,'狩人ベラ');
INSERT INTO "NameText" VALUES(17,'聖女イリス');
INSERT INTO "NameText" VALUES(18,'魔女フィグネリア');
INSERT INTO "NameText" VALUES(19,'見習い騎兵ミーシャ');
INSERT INTO "NameText" VALUES(20,'リリア');
INSERT INTO "NameText" VALUES(21,'暗殺者セシリー');
INSERT INTO "NameText" VALUES(22,'怪力少女ディーナ');
INSERT INTO "NameText" VALUES(23,'弓兵ソーマ');
INSERT INTO "NameText" VALUES(24,'癒し手アリサ');
INSERT INTO "NameText" VALUES(25,'女盗賊ハリッサ');
INSERT INTO "NameText" VALUES(26,'槍騎兵キャリー');
INSERT INTO "NameText" VALUES(27,'シェリー');
INSERT INTO "NameText" VALUES(28,'神速の射手バシラ');
INSERT INTO "NameText" VALUES(29,'白き射手ナナリー');
INSERT INTO "NameText" VALUES(30,'鋼鉄弓クレア');
INSERT INTO "NameText" VALUES(31,'癒し手イーリス');
INSERT INTO "NameText" VALUES(32,'癒し手カミラ');
INSERT INTO "NameText" VALUES(33,'魔女アデル');
INSERT INTO "NameText" VALUES(34,'白き魔女ベリンダ');
INSERT INTO "NameText" VALUES(35,'盗賊ベティ');
INSERT INTO "NameText" VALUES(36,'槍騎兵エレイン');
INSERT INTO "NameText" VALUES(37,'白百合騎士テティス');
INSERT INTO "NameText" VALUES(38,'テミス');
INSERT INTO "NameText" VALUES(39,'シビラ');
INSERT INTO "NameText" VALUES(40,'新緑の兵士フィリス');
INSERT INTO "NameText" VALUES(41,'大盾の乙女ベルニス');
INSERT INTO "NameText" VALUES(42,'魔女カリオペ');
INSERT INTO "NameText" VALUES(43,'弓兵ダニエラ');
INSERT INTO "NameText" VALUES(44,'癒し手ドルカ');
INSERT INTO "NameText" VALUES(45,'狂聖女フェドラ');
INSERT INTO "NameText" VALUES(46,'盗賊ベルナ');
INSERT INTO "NameText" VALUES(47,'黒槍騎士ダリア');
INSERT INTO "NameText" VALUES(48,'白き魔女クロリス');
INSERT INTO "NameText" VALUES(49,'魔女デスピア');
INSERT INTO "NameText" VALUES(50,'鋼鉄の女レアン');
INSERT INTO "NameText" VALUES(51,'盗賊シプリア');
INSERT INTO "NameText" VALUES(52,'一角獣騎士クリッサ');
INSERT INTO "NameText" VALUES(53,'怪盗キュテリ');
INSERT INTO "NameText" VALUES(54,'アイナ');
INSERT INTO "NameText" VALUES(55,'サラ');
INSERT INTO "NameText" VALUES(56,'シリル');
INSERT INTO "NameText" VALUES(57,'ニナ');
INSERT INTO "NameText" VALUES(58,'セリア');
INSERT INTO "NameText" VALUES(59,'フローリカ');
INSERT INTO "NameText" VALUES(60,'クリスティア');
INSERT INTO "NameText" VALUES(61,'山賊王コンラッド');
INSERT INTO "NameText" VALUES(62,'用兵家ジェローム');
INSERT INTO "NameText" VALUES(63,'賢者バルバストラフ');
INSERT INTO "NameText" VALUES(64,'一般兵B');
INSERT INTO "NameText" VALUES(65,'一般兵A【重装】');
INSERT INTO "NameText" VALUES(66,'一般兵B【弓】');
INSERT INTO "NameText" VALUES(67,'山賊 手下B');
INSERT INTO "NameText" VALUES(68,'山賊バーガン');
INSERT INTO "NameText" VALUES(69,'一般兵B【重装】');
INSERT INTO "NameText" VALUES(70,'一般兵A【魔法】');
INSERT INTO "NameText" VALUES(71,'一般兵B【魔法】');
INSERT INTO "NameText" VALUES(72,'王国兵士レオ');
INSERT INTO "NameText" VALUES(73,'弓兵アルス');
INSERT INTO "NameText" VALUES(74,'王国兵士ヘクター');
INSERT INTO "NameText" VALUES(75,'副官アリア');
INSERT INTO "NameText" VALUES(76,'魔狩人ヴィクトリア');
INSERT INTO "NameText" VALUES(77,'ゴールドアーマー');
INSERT INTO "NameText" VALUES(78,'見習い魔術師メーリス');
INSERT INTO "NameText" VALUES(79,'神秘の探究者ガラニア');
INSERT INTO "NameText" VALUES(80,'封印されしドラニア');
INSERT INTO "NameText" VALUES(81,'女山賊ライラ');
INSERT INTO "NameText" VALUES(82,'狩人ストレイ');
INSERT INTO "NameText" VALUES(83,'光の盾ジェリウス');
INSERT INTO "NameText" VALUES(84,'聖霊の友セリア');
INSERT INTO "NameText" VALUES(85,'神官クリストファー');
INSERT INTO "NameText" VALUES(86,'モルディベート');
INSERT INTO "NameText" VALUES(87,'駆け出し海賊モニカ');
INSERT INTO "NameText" VALUES(88,'海賊レイチェル');
INSERT INTO "NameText" VALUES(89,'剣士アカネ');
INSERT INTO "NameText" VALUES(90,'忍者サキ');
INSERT INTO "NameText" VALUES(91,'伝説の海賊ミネルバ');
INSERT INTO "NameText" VALUES(92,'聖戦士マリーベル');
INSERT INTO "NameText" VALUES(93,'薙刀剣士サクヤ');
INSERT INTO "NameText" VALUES(94,'忍者ヒナ');
INSERT INTO "NameText" VALUES(95,'竜人戦士');
INSERT INTO "NameText" VALUES(96,'青竜のガドラス');
INSERT INTO "NameText" VALUES(97,'フルール');
INSERT INTO "NameText" VALUES(98,'竜巫女エキドナ');
INSERT INTO "NameText" VALUES(99,'竜姫アーニャ');
INSERT INTO "NameText" VALUES(100,'秘法の伝承者オデット');
INSERT INTO "NameText" VALUES(101,'姫侍シズカ');
INSERT INTO "NameText" VALUES(102,'侍剣士コジュウロウ');
INSERT INTO "NameText" VALUES(103,'復讐者ヴィンセント');
INSERT INTO "NameText" VALUES(104,'賞金稼ぎエリザベート');
INSERT INTO "NameText" VALUES(105,'黒衣の花嫁カルマ');
INSERT INTO "NameText" VALUES(106,'純白の花嫁カルマ');
INSERT INTO "NameText" VALUES(107,'天駆ける騎士リディ');
INSERT INTO "NameText" VALUES(108,'巫女シホ');
INSERT INTO "NameText" VALUES(109,'癒しの獅子ロベルト');
INSERT INTO "NameText" VALUES(110,'ハーフエルフのユユ');
INSERT INTO "NameText" VALUES(111,'暗黒騎士ユリナ');
INSERT INTO "NameText" VALUES(112,'忍者ヒエン');
INSERT INTO "NameText" VALUES(113,'妖精郷の射手スピカ');
INSERT INTO "NameText" VALUES(114,'戦術教官ケイティ');
INSERT INTO "NameText" VALUES(115,'オリヴィエ');
INSERT INTO "NameText" VALUES(116,'妖精司教マリウス');
INSERT INTO "NameText" VALUES(117,'妖精郷の戦士ロザリー');
INSERT INTO "NameText" VALUES(118,'妖精郷の射手ローレン');
INSERT INTO "NameText" VALUES(119,'妖精郷の戦士アトラ');
INSERT INTO "NameText" VALUES(120,'妖精女王シーディス');
INSERT INTO "NameText" VALUES(121,'ダークエルフのロアナ');
INSERT INTO "NameText" VALUES(122,'武闘家リン');
INSERT INTO "NameText" VALUES(123,'海賊ジョヴァンニ');
INSERT INTO "NameText" VALUES(124,'海賊マウロ');
INSERT INTO "NameText" VALUES(125,'地の軍師ウズメ');
INSERT INTO "NameText" VALUES(126,'足軽頭サノスケ');
INSERT INTO "NameText" VALUES(127,'天の軍師レン');
INSERT INTO "NameText" VALUES(128,'魔法剣士シャルロット');
INSERT INTO "NameText" VALUES(129,'魔術師パレス');
INSERT INTO "NameText" VALUES(130,'陰陽師ミコト');
INSERT INTO "NameText" VALUES(131,'格闘士ジーナ');
INSERT INTO "NameText" VALUES(132,'大地の妖精ドロシー');
INSERT INTO "NameText" VALUES(133,'プラチナアーマー');
INSERT INTO "NameText" VALUES(134,'召喚士ソラノ');
INSERT INTO "NameText" VALUES(135,'猫魔女ネーニャ');
INSERT INTO "NameText" VALUES(136,'ヴィクトワール');
INSERT INTO "NameText" VALUES(137,'獣人エイダ');
INSERT INTO "NameText" VALUES(138,'幻惑の魔術師サーシャ');
INSERT INTO "NameText" VALUES(139,'忍者カゲロウ');
INSERT INTO "NameText" VALUES(140,'中忍ハヤテ');
INSERT INTO "NameText" VALUES(141,'足軽');
INSERT INTO "NameText" VALUES(142,'妖精司祭ノエル');
INSERT INTO "NameText" VALUES(143,'巫女カグラ');
INSERT INTO "NameText" VALUES(144,'海賊手下');
INSERT INTO "NameText" VALUES(145,'堕天使クロエ');
INSERT INTO "NameText" VALUES(146,'堕天使ソフィー');
INSERT INTO "NameText" VALUES(147,'下忍');
INSERT INTO "NameText" VALUES(148,'見習い天馬騎士ステラ');
INSERT INTO "NameText" VALUES(149,'熱砂の剣士ホルエス');
INSERT INTO "NameText" VALUES(150,'海賊ヴェロッテ');
INSERT INTO "NameText" VALUES(151,'風水士マール');
INSERT INTO "NameText" VALUES(152,'機甲士リッカ');
INSERT INTO "NameText" VALUES(153,'ドワーフ戦士グスタフ');
INSERT INTO "NameText" VALUES(154,'閃の撃砲ジャンナ');
INSERT INTO "NameText" VALUES(155,'踊り子マーニー');
INSERT INTO "NameText" VALUES(156,'見習い水兵マリエ');
INSERT INTO "NameText" VALUES(157,'紅の海賊ベアトリカ');
INSERT INTO "NameText" VALUES(158,'召喚士ファルネ');
INSERT INTO "NameText" VALUES(159,'流浪の武芸者チズル');
INSERT INTO "NameText" VALUES(160,'忍者アザミ');
INSERT INTO "NameText" VALUES(161,'慈愛の祈りサーリア');
INSERT INTO "NameText" VALUES(162,'猛き爪獣ウル');
INSERT INTO "NameText" VALUES(163,'クローディア');
INSERT INTO "NameText" VALUES(164,'剣豪モミジ');
INSERT INTO "NameText" VALUES(165,'魔砲士ゾラ');
INSERT INTO "NameText" VALUES(166,'グラディス');
INSERT INTO "NameText" VALUES(167,'式鬼');
INSERT INTO "NameText" VALUES(168,'妖狐たまも');
INSERT INTO "NameText" VALUES(169,'砂漠兵士');
INSERT INTO "NameText" VALUES(170,'熟練兵ハシム');
INSERT INTO "NameText" VALUES(171,'太陽神官パトラ');
INSERT INTO "NameText" VALUES(172,'砂漠の戦士アサル');
INSERT INTO "NameText" VALUES(173,'盗賊バラッド');
INSERT INTO "NameText" VALUES(174,'吸血鬼狩人フーリ');
INSERT INTO "NameText" VALUES(175,'仮面の復讐者ザラーム');
INSERT INTO "NameText" VALUES(176,'水兵ビエラ');
INSERT INTO "NameText" VALUES(177,'宮廷剣士サビーネ');
INSERT INTO "NameText" VALUES(178,'漆黒の射手リタ');
INSERT INTO "NameText" VALUES(179,'亡国の将シュウカ');
INSERT INTO "NameText" VALUES(180,'彩華の射手シャオ');
INSERT INTO "NameText" VALUES(181,'伏龍の軍師アイシャ');
INSERT INTO "NameText" VALUES(182,'剣の聖女ゼノビア');
INSERT INTO "NameText" VALUES(183,'混血の狩人フラン');
INSERT INTO "NameText" VALUES(184,'姫海賊アネリア');
INSERT INTO "NameText" VALUES(185,'姫山賊イメリア');
INSERT INTO "NameText" VALUES(186,'情熱の踊り子ワルツ');
INSERT INTO "NameText" VALUES(187,'天馬騎士団長エスタ');
INSERT INTO "NameText" VALUES(188,'政務官アンナ');
INSERT INTO "NameText" VALUES(189,'魔物');
INSERT INTO "NameText" VALUES(190,'大長老');
INSERT INTO "NameText" VALUES(191,'月姫カグヤ');
INSERT INTO "NameText" VALUES(192,'砲兵パーシス');
INSERT INTO "NameText" VALUES(193,'神官戦士フラメル');
INSERT INTO "NameText" VALUES(194,'ハッピー');
INSERT INTO "NameText" VALUES(195,'死霊魔術師メメント');
INSERT INTO "NameText" VALUES(196,'ソードスケルトン');
INSERT INTO "NameText" VALUES(197,'風水士クルル');
INSERT INTO "NameText" VALUES(198,'凍氷の守り手エリザ');
INSERT INTO "NameText" VALUES(199,'砲術士メル');
INSERT INTO "NameText" VALUES(200,'魔導重装兵ジェシカ');
INSERT INTO "NameText" VALUES(201,'朱鎧の智将マツリ');
INSERT INTO "NameText" VALUES(202,'堕天使エルン');
INSERT INTO "NameText" VALUES(203,'聖夜の魔女リュリュ');
INSERT INTO "NameText" VALUES(204,'格闘家ダン');
INSERT INTO "NameText" VALUES(205,'魔法剣士リカルド');
INSERT INTO "NameText" VALUES(206,'堕天使ニエル');
INSERT INTO "NameText" VALUES(207,'戦乙女エミリア');
INSERT INTO "NameText" VALUES(208,'魔法剣士アネモネ');
INSERT INTO "NameText" VALUES(209,'叛逆の騎士コーネリア');
INSERT INTO "NameText" VALUES(210,'暗黒騎士');
INSERT INTO "NameText" VALUES(211,'副団長エルヴァ');
INSERT INTO "NameText" VALUES(212,'祝祭の踊り子ハナ');
INSERT INTO "NameText" VALUES(213,'魔導鎧姫グレース');
INSERT INTO "NameText" VALUES(214,'山賊娘ロロネ');
INSERT INTO "NameText" VALUES(215,'修道戦士エーテル');
INSERT INTO "NameText" VALUES(216,'時の魔女リゼット');
INSERT INTO "NameText" VALUES(217,'神官戦士エレット');
INSERT INTO "NameText" VALUES(218,'花鏡の風水士ミア');
INSERT INTO "NameText" VALUES(219,'至宝の使い手リアナ');
INSERT INTO "NameText" VALUES(220,'金剛式鬼');
INSERT INTO "NameText" VALUES(221,'死霊魔術師アニエス');
INSERT INTO "NameText" VALUES(222,'竜騎士ルシル');
INSERT INTO "NameText" VALUES(223,'鉄腕乙女ディーネ');
INSERT INTO "NameText" VALUES(224,'弓騎兵デイジー');
INSERT INTO "NameText" VALUES(225,'巫女姫ププル');
INSERT INTO "NameText" VALUES(226,'生命の木');
INSERT INTO "NameText" VALUES(227,'白衣の錬金術士コリン');
INSERT INTO "NameText" VALUES(228,'緑森の番人フウカ');
INSERT INTO "NameText" VALUES(229,'トラップ');
INSERT INTO "NameText" VALUES(230,'強化トラップ');
INSERT INTO "NameText" VALUES(231,'爆裂海賊モーレット');
INSERT INTO "NameText" VALUES(232,'霊鳥の射手スー');
INSERT INTO "NameText" VALUES(233,'庭番女官ヒカゲ');
INSERT INTO "NameText" VALUES(234,'ナイアス');
INSERT INTO "NameText" VALUES(235,'弓武者カズハ');
INSERT INTO "NameText" VALUES(236,'熟練足軽ヨジロウ');
INSERT INTO "NameText" VALUES(237,'忍者サイゾウ');
INSERT INTO "NameText" VALUES(238,'破魔僧正フドウ');
INSERT INTO "NameText" VALUES(239,'吸血鬼エデン');
INSERT INTO "NameText" VALUES(240,'黒紫の巫女キキョウ');
INSERT INTO "NameText" VALUES(241,'竜騎士アベル');
INSERT INTO "NameText" VALUES(242,'侍剣士イロハ');
INSERT INTO "NameText" VALUES(243,'妖狐イナリ');
INSERT INTO "NameText" VALUES(244,'封妖の忍者ナギ');
INSERT INTO "NameText" VALUES(245,'魔法皇女エステル');
INSERT INTO "NameText" VALUES(246,'聖鎚闘士ミランダ');
INSERT INTO "NameText" VALUES(247,'神秘の術士シャルル');
INSERT INTO "NameText" VALUES(248,'剣士サンドラ');
INSERT INTO "NameText" VALUES(249,'鉄甲闘士モモ');
INSERT INTO "NameText" VALUES(250,'ブラックアーマー');
INSERT INTO "NameText" VALUES(251,'月影の弓騎兵リオン');
INSERT INTO "NameText" VALUES(252,'雷竜騎士エレニア');
INSERT INTO "NameText" VALUES(253,'旅の司祭ポーラ');
INSERT INTO "NameText" VALUES(254,'お宝泥棒レダ');
INSERT INTO "NameText" VALUES(255,'神官戦士セラ');
INSERT INTO "NameText" VALUES(256,'妖精魔鎧兵ライチ');
INSERT INTO "NameText" VALUES(257,'森の守り手ローリエ');
INSERT INTO "NameText" VALUES(258,'呪術師エヴァ');
INSERT INTO "NameText" VALUES(259,'剣士グローリア');
INSERT INTO "NameText" VALUES(260,'機甲騎士フィー');
INSERT INTO "NameText" VALUES(261,'光の守護者アルティア');
INSERT INTO "NameText" VALUES(262,'魔物使いスイル');
INSERT INTO "NameText" VALUES(263,'魔獣オルトロス');
INSERT INTO "NameText" VALUES(264,'爆砲の新兵カノン');
INSERT INTO "NameText" VALUES(265,'剣士レイブン');
INSERT INTO "NameText" VALUES(266,'闇司祭ベルディナート');
INSERT INTO "NameText" VALUES(267,'竜巫女ルビナス');
INSERT INTO "NameText" VALUES(268,'提督リーンベル');
INSERT INTO "NameText" VALUES(269,'スケルトンランサー');
INSERT INTO "NameText" VALUES(270,'ジョイ');
INSERT INTO "NameText" VALUES(271,'新世代山賊アマンダ');
INSERT INTO "NameText" VALUES(272,'閃光の泥棒アニータ');
INSERT INTO "NameText" VALUES(273,'姫騎士パテル');
INSERT INTO "NameText" VALUES(274,'ロゼット');
INSERT INTO "NameText" VALUES(275,'風水士ピピン');
INSERT INTO "NameText" VALUES(276,'呪術師ミトラ');
INSERT INTO "NameText" VALUES(277,'魔獣ケルベロス');
INSERT INTO "NameText" VALUES(278,'メトゥス');
INSERT INTO "NameText" VALUES(279,'リッチ');
INSERT INTO "NameText" VALUES(280,'剣士ミーティア');
INSERT INTO "NameText" VALUES(281,'付与魔術師エルシャ');
INSERT INTO "NameText" VALUES(282,'魔法剣士カシス');
INSERT INTO "NameText" VALUES(283,'司祭シャロン');
INSERT INTO "NameText" VALUES(284,'老魔術師ゼンメル');
INSERT INTO "NameText" VALUES(285,'弓騎兵カティナ');
INSERT INTO "NameText" VALUES(286,'帝国天馬騎士イザベル');
INSERT INTO "NameText" VALUES(287,'帝国歩兵ディルク');
INSERT INTO "NameText" VALUES(288,'武王姫アリス');
INSERT INTO "NameText" VALUES(289,'聖森の番人リコラ');
INSERT INTO "NameText" VALUES(290,'ボンボリ');
INSERT INTO "NameText" VALUES(291,'背反の癒し手ユーノ');
INSERT INTO "NameText" VALUES(292,'術士女官シャーリー');
INSERT INTO "NameText" VALUES(293,'超強化トラップ');
INSERT INTO "NameText" VALUES(294,'ルイーズ');
INSERT INTO "NameText" VALUES(295,'魔女メローネ');
INSERT INTO "NameText" VALUES(296,'錬金術士テルマ');
INSERT INTO "NameText" VALUES(297,'紅輪の道士ナタク');
INSERT INTO "NameText" VALUES(298,'魔導司祭エターナー');
INSERT INTO "NameText" VALUES(299,'密林の守護者ダナン');
INSERT INTO "NameText" VALUES(300,'密林の弓騎兵ルナール');
INSERT INTO "NameText" VALUES(301,'密林の射手');
INSERT INTO "NameText" VALUES(302,'密林の老練射手ガガ');
INSERT INTO "NameText" VALUES(303,'フェス');
INSERT INTO "NameText" VALUES(304,'角竜騎士ナディア');
INSERT INTO "NameText" VALUES(305,'帝国兵長リーゼロッテ');
INSERT INTO "NameText" VALUES(306,'鬼神姫ラクシャーサ');
INSERT INTO "NameText" VALUES(307,'魔界闘士リスティス');
INSERT INTO "NameText" VALUES(308,'暗黒騎士');
INSERT INTO "NameText" VALUES(309,'王子【神器装備】');
INSERT INTO "NameText" VALUES(310,'密林の槍騎兵チグリ');
INSERT INTO "NameText" VALUES(311,'帝国軍師レオナ');
INSERT INTO "NameText" VALUES(312,'皇帝');
INSERT INTO "NameText" VALUES(313,'秘刃の暗殺者ジュノン');
INSERT INTO "NameText" VALUES(314,'封妖の忍者カナメ');
INSERT INTO "NameText" VALUES(315,'召使いアイリーン');
INSERT INTO "NameText" VALUES(316,'行商人トトノ');
INSERT INTO "NameText" VALUES(317,'聖夜の弓騎兵サラサ');
INSERT INTO "NameText" VALUES(318,'生命の神木');
INSERT INTO "NameText" VALUES(319,'マーセナリー');
INSERT INTO "NameText" VALUES(320,'レインボウアーマー');
INSERT INTO "NameText" VALUES(321,'リーベ');
INSERT INTO "NameText" VALUES(322,'魔狼巫女プニル');
INSERT INTO "NameText" VALUES(323,'魔戦団長イングリッド');
INSERT INTO "NameText" VALUES(324,'神官戦士フェルミ');
INSERT INTO "NameText" VALUES(325,'九尾狐カヨウ');
INSERT INTO "NameText" VALUES(326,'メルヴィナ');
INSERT INTO "NameText" VALUES(327,'仙猿ファー');
INSERT INTO "NameText" VALUES(328,'忘我の呪術師レヴィ');
INSERT INTO "NameText" VALUES(329,'反魂の死霊術師メトゥス');
INSERT INTO "NameText" VALUES(330,'付与魔術師リルケ');
INSERT INTO "NameText" VALUES(331,'ガーディアンゴーレム');
INSERT INTO "NameText" VALUES(332,'私掠船長サブリナ');
INSERT INTO "NameText" VALUES(333,'絆のニナ');
INSERT INTO "NameText" VALUES(334,'絆のセリア');
INSERT INTO "NameText" VALUES(335,'絆のフローリカ');
INSERT INTO "NameText" VALUES(336,'時の調停者トワ');
INSERT INTO "NameText" VALUES(337,'天使長ミルノ');
INSERT INTO "NameText" VALUES(338,'魔術師マーヤ');
INSERT INTO "NameText" VALUES(339,'戦の聖霊シンシア');
INSERT INTO "NameText" VALUES(340,'魔鎧乙女パルフィ');
INSERT INTO "NameText" VALUES(341,'スクハ');
INSERT INTO "NameText" VALUES(342,'山賊娘リーフ');
INSERT INTO "NameText" VALUES(343,'聖なる復讐者ルマリア');
INSERT INTO "NameText" VALUES(344,'吸血鬼ラキュア');
INSERT INTO "NameText" VALUES(345,'神官戦士ニコラウス');
INSERT INTO "NameText" VALUES(346,'王宮侍女武官セーラ');
INSERT INTO "NameText" VALUES(347,'堕天使パフィリア');
INSERT INTO "NameText" VALUES(348,'帝国重装歩兵ドワイト');
INSERT INTO "NameText" VALUES(349,'マスターマーセナリー');
INSERT INTO "NameText" VALUES(350,'見習い召喚士リノ');
INSERT INTO "NameText" VALUES(351,'刻詠の風水士リンネ');
INSERT INTO "NameText" VALUES(352,'アンナ（給仕服）');
INSERT INTO "NameText" VALUES(353,'避禍予見の鏡影');
INSERT INTO "NameText" VALUES(354,'天才戦術家ヘレナ');
INSERT INTO "NameText" VALUES(355,'神森の守護妖精スプラ');
INSERT INTO "NameText" VALUES(356,'竜殺しラーティ');
INSERT INTO "NameText" VALUES(357,'魔物使いモルテナ');
INSERT INTO "NameText" VALUES(358,'英霊の守り手レシア');
INSERT INTO "NameText" VALUES(359,'悪魔ハンタードルチェ');
INSERT INTO "NameText" VALUES(360,'機甲技師ボリス');
INSERT INTO "NameText" VALUES(361,'見習い拳士マオ');
INSERT INTO "NameText" VALUES(362,'極重巨砲フレデリカ');
INSERT INTO "NameText" VALUES(363,'子供王子');
INSERT INTO "NameText" VALUES(364,'時の魔女ココロ');
INSERT INTO "NameText" VALUES(365,'闇使いグレーテル');
INSERT INTO "NameText" VALUES(366,'冒険者オスカー');
INSERT INTO "NameText" VALUES(367,'冒険者ジェイク');
INSERT INTO "NameText" VALUES(368,'航海士アメリ');
INSERT INTO "NameText" VALUES(369,'弓騎兵ミゲル');
INSERT INTO "NameText" VALUES(370,'大自然の乙女メープル');
INSERT INTO "NameText" VALUES(371,'帝国猟兵レーゼル');
INSERT INTO "NameText" VALUES(372,'近衛騎士アリシア');
INSERT INTO "NameText" VALUES(373,'帝国治癒士エリアス');
INSERT INTO "NameText" VALUES(374,'輝弓士マーガレット');
INSERT INTO "NameText" VALUES(375,'聖職者セレイナ');
INSERT INTO "NameText" VALUES(376,'錬金技工士マキナ');
INSERT INTO "NameText" VALUES(377,'スチームタンク');
INSERT INTO "NameText" VALUES(378,'幻光の魔女プリム');
INSERT INTO "NameText" VALUES(379,'プリズムミラー');
INSERT INTO "NameText" VALUES(380,'虎姫メイリン');
CREATE TABLE SkillList(RowIndex integer,SkillName TEXT,WaitTime integer,ContTime integer,ContTimeMax integer,Power integer,PowerMax integer,LevelMax integer,Evolve integer,SkillType integer,IDText integer);
INSERT INTO "SkillList" VALUES(0,'なし',0,0,0,0,0,0,0,0,0);
INSERT INTO "SkillList" VALUES(1,'攻撃力強化Ⅰ',35,20,25,110,150,5,2,1,7);
INSERT INTO "SkillList" VALUES(2,'攻撃力強化Ⅱ',35,25,30,120,160,5,3,1,7);
INSERT INTO "SkillList" VALUES(3,'攻撃力強化Ⅲ',30,30,35,130,180,5,4,1,7);
INSERT INTO "SkillList" VALUES(4,'攻撃力強化Ⅳ',30,40,45,140,190,5,5,1,7);
INSERT INTO "SkillList" VALUES(5,'攻撃力強化Ⅴ',30,60,65,150,200,5,0,1,7);
INSERT INTO "SkillList" VALUES(6,'回復力強化Ⅰ',45,20,25,110,150,5,7,1,7);
INSERT INTO "SkillList" VALUES(7,'回復力強化Ⅱ',45,25,30,120,170,5,8,1,7);
INSERT INTO "SkillList" VALUES(8,'回復力強化Ⅲ',40,30,35,130,180,5,9,1,7);
INSERT INTO "SkillList" VALUES(9,'回復力強化Ⅳ',40,35,40,140,190,5,10,1,7);
INSERT INTO "SkillList" VALUES(10,'回復力強化Ⅴ',40,40,45,150,200,5,0,1,7);
INSERT INTO "SkillList" VALUES(11,'捨て身Ⅰ',40,10,10,170,220,5,12,4,10);
INSERT INTO "SkillList" VALUES(12,'捨て身Ⅱ',35,10,10,190,240,5,13,4,10);
INSERT INTO "SkillList" VALUES(13,'捨て身Ⅲ',30,10,10,210,260,5,14,4,10);
INSERT INTO "SkillList" VALUES(14,'捨て身Ⅳ',30,10,10,200,260,5,15,4,10);
INSERT INTO "SkillList" VALUES(15,'捨て身Ⅴ',30,10,10,250,300,5,0,4,10);
INSERT INTO "SkillList" VALUES(16,'防御力強化Ⅰ',35,25,30,120,160,5,17,10,16);
INSERT INTO "SkillList" VALUES(17,'防御力強化Ⅱ',35,30,35,130,170,5,18,10,16);
INSERT INTO "SkillList" VALUES(18,'防御力強化Ⅲ',30,35,40,140,180,5,19,10,16);
INSERT INTO "SkillList" VALUES(19,'防御力強化Ⅳ',30,40,45,160,200,5,20,10,16);
INSERT INTO "SkillList" VALUES(20,'防御力強化Ⅴ',30,60,65,200,250,5,0,10,16);
INSERT INTO "SkillList" VALUES(21,'射程強化Ⅰ',40,15,20,120,160,5,22,7,13);
INSERT INTO "SkillList" VALUES(22,'射程強化Ⅱ',35,20,25,130,170,5,23,7,13);
INSERT INTO "SkillList" VALUES(23,'射程強化Ⅲ',30,25,30,140,190,5,24,7,13);
INSERT INTO "SkillList" VALUES(24,'射程強化Ⅳ',30,30,35,150,200,5,25,7,13);
INSERT INTO "SkillList" VALUES(25,'射程強化Ⅴ',30,35,40,200,250,5,0,7,13);
INSERT INTO "SkillList" VALUES(26,'暗殺Ⅰ',55,15,15,110,150,5,27,6,12);
INSERT INTO "SkillList" VALUES(27,'暗殺Ⅱ',50,20,20,120,170,5,28,6,12);
INSERT INTO "SkillList" VALUES(28,'暗殺Ⅲ',45,25,25,130,180,5,29,6,12);
INSERT INTO "SkillList" VALUES(29,'暗殺Ⅳ',40,25,25,140,190,5,30,6,12);
INSERT INTO "SkillList" VALUES(30,'暗殺Ⅴ',40,25,25,150,200,5,0,6,12);
INSERT INTO "SkillList" VALUES(31,'ダブルショット',35,15,15,2,2,5,32,9,15);
INSERT INTO "SkillList" VALUES(32,'トリプルショット',40,15,15,3,3,5,33,9,15);
INSERT INTO "SkillList" VALUES(33,'クアドラショット',40,15,15,4,4,5,0,9,15);
INSERT INTO "SkillList" VALUES(34,'範囲攻撃Ⅰ',60,20,20,150,150,5,35,8,14);
INSERT INTO "SkillList" VALUES(35,'範囲攻撃Ⅱ',55,25,25,200,200,5,36,8,14);
INSERT INTO "SkillList" VALUES(36,'範囲攻撃Ⅲ',50,30,30,250,250,5,37,8,14);
INSERT INTO "SkillList" VALUES(37,'範囲攻撃Ⅳ',45,30,30,300,300,5,38,8,14);
INSERT INTO "SkillList" VALUES(38,'範囲攻撃Ⅴ',40,30,30,400,400,5,0,8,14);
INSERT INTO "SkillList" VALUES(39,'援軍要請Ⅰ',25,2,2,5,5,5,40,22,28);
INSERT INTO "SkillList" VALUES(40,'援軍要請Ⅱ',35,2,2,10,10,5,41,22,28);
INSERT INTO "SkillList" VALUES(41,'援軍要請Ⅲ',40,2,2,15,15,5,42,22,28);
INSERT INTO "SkillList" VALUES(42,'援軍要請Ⅳ',45,2,2,20,20,5,43,22,28);
INSERT INTO "SkillList" VALUES(43,'援軍要請Ⅴ',45,2,2,30,30,5,0,22,28);
INSERT INTO "SkillList" VALUES(44,'回復Ⅰ',25,2,2,21,30,5,45,13,19);
INSERT INTO "SkillList" VALUES(45,'回復Ⅱ',25,2,2,31,40,5,46,13,19);
INSERT INTO "SkillList" VALUES(46,'回復Ⅲ',25,2,2,41,55,5,47,13,19);
INSERT INTO "SkillList" VALUES(47,'回復Ⅳ',25,2,2,51,70,5,48,13,19);
INSERT INTO "SkillList" VALUES(48,'回復Ⅴ',60,2,2,100,100,5,0,13,19);
INSERT INTO "SkillList" VALUES(49,'ブレスウェポンⅠ',90,60,60,110,150,5,50,15,21);
INSERT INTO "SkillList" VALUES(50,'ブレスウェポンⅡ',90,60,60,120,160,5,0,15,21);
INSERT INTO "SkillList" VALUES(51,'プロテクションⅠ',90,60,60,130,170,5,52,16,22);
INSERT INTO "SkillList" VALUES(52,'プロテクションⅡ',90,60,60,150,200,5,0,16,22);
INSERT INTO "SkillList" VALUES(53,'魔剣アロンダイト',60,30,40,160,200,5,0,1,7);
INSERT INTO "SkillList" VALUES(54,'魔剣フラガラッハ',60,30,40,130,170,5,0,6,12);
INSERT INTO "SkillList" VALUES(55,'神剣エクスカリバー',60,30,40,200,240,5,0,1320,419);
INSERT INTO "SkillList" VALUES(56,'宝剣ガラティン',60,50,60,150,200,5,0,10,16);
INSERT INTO "SkillList" VALUES(57,'EXPブースト',0,0,0,0,0,1,0,100,2);
INSERT INTO "SkillList" VALUES(58,'スキルブースト',0,0,0,0,0,1,0,102,4);
INSERT INTO "SkillList" VALUES(59,'士気高揚',30,9999,9999,1,1,1,0,200,1);
INSERT INTO "SkillList" VALUES(60,'聖霊の護り',80,15,20,15,20,5,0,23,29);
INSERT INTO "SkillList" VALUES(61,'心眼',60,20,60,0,0,5,0,24,30);
INSERT INTO "SkillList" VALUES(62,'魔弾Ⅰ',70,25,30,110,150,5,63,35,41);
INSERT INTO "SkillList" VALUES(63,'魔弾Ⅱ',60,25,30,120,170,5,0,35,41);
INSERT INTO "SkillList" VALUES(64,'クイックショットⅠ',50,25,30,110,150,5,65,25,31);
INSERT INTO "SkillList" VALUES(65,'クイックショットⅡ',45,25,30,120,170,5,0,25,31);
INSERT INTO "SkillList" VALUES(66,'忍術Ⅰ',45,15,20,3,3,5,67,26,32);
INSERT INTO "SkillList" VALUES(67,'忍術Ⅱ',40,15,20,4,4,5,68,26,32);
INSERT INTO "SkillList" VALUES(68,'忍術Ⅲ',35,15,20,5,5,5,69,26,32);
INSERT INTO "SkillList" VALUES(69,'忍術Ⅳ',60,15,15,6,6,5,0,26,32);
INSERT INTO "SkillList" VALUES(70,'聖なる覚醒',30,10,40,200,200,5,0,27,33);
INSERT INTO "SkillList" VALUES(71,'破魔の炎',45,15,15,130,180,5,0,28,34);
INSERT INTO "SkillList" VALUES(72,'聖剣アスカロン',90,30,40,50,50,5,0,29,35);
INSERT INTO "SkillList" VALUES(73,'コストブースト',0,0,0,0,0,1,0,103,5);
INSERT INTO "SkillList" VALUES(74,'マジックバリア',60,15,30,5,20,16,0,30,36);
INSERT INTO "SkillList" VALUES(75,'村正',30,10,10,3,15,5,0,31,37);
INSERT INTO "SkillList" VALUES(76,'魔剣ティルフィング',30,9,13,110,130,5,0,27,33);
INSERT INTO "SkillList" VALUES(77,'神剣ティルフィング',80,9,13,110,130,5,0,32,38);
INSERT INTO "SkillList" VALUES(78,'ペガサスウイング',30,30,45,0,0,5,0,33,39);
INSERT INTO "SkillList" VALUES(79,'癒しの祈り',25,15,15,130,180,5,0,34,40);
INSERT INTO "SkillList" VALUES(80,'暗黒オーラ',80,15,30,3,10,10,0,36,42);
INSERT INTO "SkillList" VALUES(81,'エクセレントアロー',90,70,90,120,140,5,0,37,43);
INSERT INTO "SkillList" VALUES(82,'聖剣オートクレール',35,15,15,80,100,5,0,38,44);
INSERT INTO "SkillList" VALUES(83,'ヒールマジック',30,10,10,110,130,5,0,34,40);
INSERT INTO "SkillList" VALUES(84,'星の杖',100,70,90,120,140,5,0,37,43);
INSERT INTO "SkillList" VALUES(85,'気功術',45,10,20,130,150,10,0,27,33);
INSERT INTO "SkillList" VALUES(86,'烈火の陣',90,10,20,10,20,5,0,39,45);
INSERT INTO "SkillList" VALUES(87,'鉄壁の陣',90,10,20,10,20,5,0,40,46);
INSERT INTO "SkillList" VALUES(88,'破邪封印の結界',75,1,1,130,170,5,0,41,47);
INSERT INTO "SkillList" VALUES(89,'魔法剣',40,5,20,110,150,10,0,42,48);
INSERT INTO "SkillList" VALUES(90,'ラッシュ！',35,10,20,0,0,5,0,43,49);
INSERT INTO "SkillList" VALUES(91,'不死鳥の護り',90,30,60,50,50,5,0,44,50);
INSERT INTO "SkillList" VALUES(92,'マジックエンハンス',65,40,60,110,130,5,0,37,43);
INSERT INTO "SkillList" VALUES(93,'イフリート',25,10,30,0,0,5,0,45,51);
INSERT INTO "SkillList" VALUES(94,'アウェイク',0,0,0,0,0,1,0,104,6);
INSERT INTO "SkillList" VALUES(95,'呪われた血脈',80,15,30,120,150,10,0,46,52);
INSERT INTO "SkillList" VALUES(96,'幻惑の秘術',90,20,30,50,50,5,0,47,53);
INSERT INTO "SkillList" VALUES(97,'癒しの祈り・速',22,8,12,100,100,5,0,48,54);
INSERT INTO "SkillList" VALUES(98,'神魔封印解除',25,15,30,2,2,10,0,49,55);
INSERT INTO "SkillList" VALUES(99,'リトルウイング',15,5,10,0,0,5,0,33,39);
INSERT INTO "SkillList" VALUES(100,'バラージショット',40,15,20,130,170,5,0,50,56);
INSERT INTO "SkillList" VALUES(101,'ソードエンハンス',55,20,30,130,170,5,0,42,48);
INSERT INTO "SkillList" VALUES(102,'エリアヒール',30,15,25,120,160,5,0,51,57);
INSERT INTO "SkillList" VALUES(103,'モードチェンジ',45,15,25,100,100,10,0,52,58);
INSERT INTO "SkillList" VALUES(104,'ソウルステップ',45,10,18,110,150,5,0,53,59);
INSERT INTO "SkillList" VALUES(105,'拡散弾',50,25,30,200,250,5,0,54,60);
INSERT INTO "SkillList" VALUES(106,'射撃体勢',30,40,45,100,100,5,0,55,61);
INSERT INTO "SkillList" VALUES(107,'フェニックス',30,20,40,20,40,5,0,56,62);
INSERT INTO "SkillList" VALUES(108,'見切り',35,20,30,60,80,5,0,57,63);
INSERT INTO "SkillList" VALUES(109,'クイックヒール',35,20,25,0,0,5,0,58,64);
INSERT INTO "SkillList" VALUES(110,'ドラゴンスレイヤー',70,20,50,110,150,10,0,59,65);
INSERT INTO "SkillList" VALUES(111,'鬼神力',40,4,8,200,300,10,0,60,66);
INSERT INTO "SkillList" VALUES(112,'魔砲弾',40,20,25,100,120,5,0,61,67);
INSERT INTO "SkillList" VALUES(113,'妖狐覚醒',25,25,30,200,200,3,0,46,52);
INSERT INTO "SkillList" VALUES(114,'ヒールシャワー',30,1,1,110,130,5,0,62,68);
INSERT INTO "SkillList" VALUES(115,'鉄壁',35,10,10,180,300,5,0,63,69);
INSERT INTO "SkillList" VALUES(116,'影縫い',35,15,20,100,100,5,0,64,70);
INSERT INTO "SkillList" VALUES(117,'隠密',40,15,50,100,100,10,0,65,71);
INSERT INTO "SkillList" VALUES(118,'エクセレントソード',105,70,90,120,130,5,0,66,72);
INSERT INTO "SkillList" VALUES(119,'マルチアタック',10,20,30,100,100,5,0,67,73);
INSERT INTO "SkillList" VALUES(120,'猛将の鼓舞',120,30,60,5,10,5,0,39,45);
INSERT INTO "SkillList" VALUES(121,'疾風の陣',10,10,20,100,100,5,0,68,74);
INSERT INTO "SkillList" VALUES(122,'天落岩の計',90,10,15,180,300,5,0,69,75);
INSERT INTO "SkillList" VALUES(123,'近接範囲攻撃化',10,10,30,100,100,5,0,70,76);
INSERT INTO "SkillList" VALUES(124,'神銃ブリューナク',65,15,20,110,130,5,0,71,77);
INSERT INTO "SkillList" VALUES(125,'冥斧ファスケス',90,20,30,150,200,10,0,72,78);
INSERT INTO "SkillList" VALUES(126,'パッションステップ',70,10,25,100,140,10,0,53,59);
INSERT INTO "SkillList" VALUES(127,'',65,45,60,0,0,5,0,33,39);
INSERT INTO "SkillList" VALUES(128,'全力サポート',120,10,30,100,120,5,0,53,59);
INSERT INTO "SkillList" VALUES(129,'天剣ミカヅキムネチカ',80,5,15,200,300,10,0,1,7);
INSERT INTO "SkillList" VALUES(130,'バトルヒールⅠ',40,10,15,120,160,5,0,73,79);
INSERT INTO "SkillList" VALUES(131,'セイクリッドメイス',40,10,15,110,140,5,0,74,80);
INSERT INTO "SkillList" VALUES(132,'ヒールエンハンス',35,10,15,110,140,5,0,75,81);
INSERT INTO "SkillList" VALUES(133,'死霊強化',50,15,25,150,300,10,0,76,82);
INSERT INTO "SkillList" VALUES(134,'ファイアボール',40,20,25,130,180,5,0,42,7);
INSERT INTO "SkillList" VALUES(135,'氷結呪縛',45,10,20,120,160,10,0,77,83);
INSERT INTO "SkillList" VALUES(136,'一意専心',100,60,80,120,140,5,0,78,84);
INSERT INTO "SkillList" VALUES(137,'真・暗黒オーラ',90,10,15,25,30,5,0,36,42);
INSERT INTO "SkillList" VALUES(138,'滅多斬り',75,10,20,110,140,10,0,79,86);
INSERT INTO "SkillList" VALUES(139,'最強暗黒オーラ',264,120,120,80,80,1,0,36,87);
INSERT INTO "SkillList" VALUES(140,'オーバードライブ',60,30,35,160,200,5,0,504,78);
INSERT INTO "SkillList" VALUES(141,'スロウマジック',65,1,1,110,150,5,0,80,88);
INSERT INTO "SkillList" VALUES(142,'女王の祝福',0,0,0,0,0,1,0,105,89);
INSERT INTO "SkillList" VALUES(143,'癒しの至宝',45,15,15,120,160,5,0,81,90);
INSERT INTO "SkillList" VALUES(144,'ファイアブレス',45,10,20,120,170,10,0,82,91);
INSERT INTO "SkillList" VALUES(145,'イービルエナジー',50,15,20,110,130,5,0,83,92);
INSERT INTO "SkillList" VALUES(146,'ダイナマイトパワー',45,15,25,300,500,5,0,84,93);
INSERT INTO "SkillList" VALUES(147,'剛弦の弓',30,20,25,120,160,5,0,85,94);
INSERT INTO "SkillList" VALUES(148,'サンダーレイン',40,2,2,110,160,10,0,86,95);
INSERT INTO "SkillList" VALUES(149,'バーストバレットⅡ',50,20,25,120,140,5,0,87,96);
INSERT INTO "SkillList" VALUES(150,'スピリットイーグル',40,25,30,140,190,5,0,88,97);
INSERT INTO "SkillList" VALUES(151,'扇蝶の舞',35,10,40,200,200,10,0,89,98);
INSERT INTO "SkillList" VALUES(152,'聖女の結界',125,80,80,250,250,5,0,1001,99);
INSERT INTO "SkillList" VALUES(153,'怪力爆砕鉄球',55,40,40,200,200,5,0,1002,100);
INSERT INTO "SkillList" VALUES(154,'クインタプルショット',45,15,15,5,5,5,0,1003,101);
INSERT INTO "SkillList" VALUES(155,'魔剣アンサラー',60,40,40,190,190,5,0,1004,102);
INSERT INTO "SkillList" VALUES(156,'死の旋風',50,30,30,190,190,5,0,1005,103);
INSERT INTO "SkillList" VALUES(157,'コキュートス',50,30,30,170,170,5,0,1006,104);
INSERT INTO "SkillList" VALUES(158,'勝利のルーン',50,30,30,180,180,5,0,1007,105);
INSERT INTO "SkillList" VALUES(159,'忍法乱れ手裏剣',45,25,25,5,5,5,0,1008,106);
INSERT INTO "SkillList" VALUES(160,'魔弾タスラム',20,20,20,250,250,5,0,1009,107);
INSERT INTO "SkillList" VALUES(161,'魔弾タスラム',25,25,25,280,280,5,0,1010,107);
INSERT INTO "SkillList" VALUES(162,'魔弾タスラム',35,30,30,320,320,5,0,1011,107);
INSERT INTO "SkillList" VALUES(163,'魔弾タスラム',35,35,35,360,360,5,0,1012,107);
INSERT INTO "SkillList" VALUES(164,'魔弾タスラム',40,40,40,400,400,5,0,1013,111);
INSERT INTO "SkillList" VALUES(165,'真神剣ティルフィング',70,15,15,160,160,5,0,1014,112);
INSERT INTO "SkillList" VALUES(166,'聖剣アルタキエラ',35,15,15,100,100,5,0,1015,113);
INSERT INTO "SkillList" VALUES(167,'破邪滅殺の結界',85,1,1,500,500,5,0,1016,114);
INSERT INTO "SkillList" VALUES(168,'聖天使封印解除',45,30,30,200,200,10,0,1017,115);
INSERT INTO "SkillList" VALUES(169,'超天落岩の計',125,15,15,300,300,5,0,1018,116);
INSERT INTO "SkillList" VALUES(170,'撃滅の天翼',40,60,60,150,150,5,0,1019,117);
INSERT INTO "SkillList" VALUES(171,'疾風迅雷',65,40,40,180,180,5,0,1020,118);
INSERT INTO "SkillList" VALUES(172,'聖騎士の守護',75,55,55,250,250,5,0,1021,119);
INSERT INTO "SkillList" VALUES(173,'リミッターカット',55,30,30,230,230,5,0,1022,120);
INSERT INTO "SkillList" VALUES(174,'真癒しの至宝',55,15,15,160,160,5,0,1023,121);
INSERT INTO "SkillList" VALUES(175,'大震撃',50,30,30,200,200,5,0,1024,122);
INSERT INTO "SkillList" VALUES(176,'スピリットスナイプ',45,30,30,190,190,5,0,1025,123);
INSERT INTO "SkillList" VALUES(177,'スキルチェンジ',0,0,0,0,0,1,0,105,124);
INSERT INTO "SkillList" VALUES(178,'ラッシュクロウ',40,10,20,100,100,10,0,43,49);
INSERT INTO "SkillList" VALUES(179,'神降ろし',20,1,1,100,100,5,0,90,125);
INSERT INTO "SkillList" VALUES(180,'神降ろし解除',20,1,1,100,100,5,0,91,126);
INSERT INTO "SkillList" VALUES(181,'ヒートブレス',65,30,35,110,150,5,0,82,91);
INSERT INTO "SkillList" VALUES(182,'真・神降ろし',11,10,10,160,160,5,0,1026,127);
INSERT INTO "SkillList" VALUES(183,'真・神降ろし解除',40,20,20,160,160,5,0,1027,128);
INSERT INTO "SkillList" VALUES(184,'海神銃トリアイナ',45,20,20,150,150,5,0,1028,129);
INSERT INTO "SkillList" VALUES(185,'ガトリングファイア',45,15,15,50,50,5,0,1029,130);
INSERT INTO "SkillList" VALUES(186,'ミリオンショット',20,30,30,230,230,5,0,1030,131);
INSERT INTO "SkillList" VALUES(187,'猛烈爆裂弾',55,25,25,140,140,5,0,1031,132);
INSERT INTO "SkillList" VALUES(188,'ライフルドマスケット',70,90,90,180,180,5,0,1032,133);
INSERT INTO "SkillList" VALUES(189,'輝剣クラウ・ソラス',60,40,40,200,200,5,0,1033,134);
INSERT INTO "SkillList" VALUES(190,'秘伝の丸薬',60,10,30,110,160,10,0,46,52);
INSERT INTO "SkillList" VALUES(191,'燃命の秘薬',15,45,45,200,200,10,0,92,135);
INSERT INTO "SkillList" VALUES(192,'スパイクシールド',55,20,20,190,190,5,0,1034,136);
INSERT INTO "SkillList" VALUES(193,'フルガード',20,30,30,300,300,5,0,1035,137);
INSERT INTO "SkillList" VALUES(194,'新聖なる覚醒',20,70,70,250,250,5,0,1036,138);
INSERT INTO "SkillList" VALUES(195,'魔杖レヴァンテイン',65,25,30,160,200,5,0,1038,140);
INSERT INTO "SkillList" VALUES(196,'天杖レヴァンテイン',125,150,150,140,140,5,0,1039,141);
INSERT INTO "SkillList" VALUES(197,'スレッジハンマー',60,5,25,220,400,10,0,84,93);
INSERT INTO "SkillList" VALUES(198,'ジェットハンマー',60,20,20,550,550,10,0,1037,139);
INSERT INTO "SkillList" VALUES(199,'滅多打ち',35,20,20,180,180,5,0,84,143);
INSERT INTO "SkillList" VALUES(200,'真・フェニックス',35,40,40,100,100,5,0,1040,142);
INSERT INTO "SkillList" VALUES(201,'スパローショット',40,30,30,180,180,5,0,1041,108);
INSERT INTO "SkillList" VALUES(202,'マルチショット',45,25,25,5,5,5,0,1042,73);
INSERT INTO "SkillList" VALUES(203,'東方弓殺術',25,30,30,200,200,5,0,1043,110);
INSERT INTO "SkillList" VALUES(204,'クアドラショットβ',25,12,12,90,90,5,0,1044,144);
INSERT INTO "SkillList" VALUES(205,'フルオート',40,18,18,90,90,5,0,1049,145);
INSERT INTO "SkillList" VALUES(206,'アーバレスト',35,25,25,270,270,5,0,1045,146);
INSERT INTO "SkillList" VALUES(207,'マジックミサイル',45,30,30,120,120,5,0,1046,147);
INSERT INTO "SkillList" VALUES(208,'絶影',90,120,120,120,120,10,0,1048,149);
INSERT INTO "SkillList" VALUES(209,'軟化の秘術',70,15,25,100,100,5,0,1047,148);
INSERT INTO "SkillList" VALUES(210,'奥義　真空十字斬',45,1,1,150,270,10,0,93,150);
INSERT INTO "SkillList" VALUES(211,'パンプアップ',90,60,60,300,300,5,0,1050,151);
INSERT INTO "SkillList" VALUES(212,'気功螺旋破',35,10,10,160,160,10,0,1051,152);
INSERT INTO "SkillList" VALUES(213,'スピニングクロー',35,30,30,220,220,5,0,1052,153);
INSERT INTO "SkillList" VALUES(214,'スピニングクロー',35,30,30,160,160,5,0,1053,153);
INSERT INTO "SkillList" VALUES(215,'スピニングクロー',35,30,30,120,120,5,0,1054,154);
INSERT INTO "SkillList" VALUES(216,'破撃の拳',15,25,25,230,230,5,0,1055,155);
INSERT INTO "SkillList" VALUES(217,'護身の拳',15,25,25,230,230,5,0,1056,156);
INSERT INTO "SkillList" VALUES(218,'援軍要請・オート',40,2,2,15,15,5,0,1057,157);
INSERT INTO "SkillList" VALUES(219,'援軍要請・攻勢',35,40,40,15,15,5,0,1058,158);
INSERT INTO "SkillList" VALUES(220,'援軍要請・防勢',35,40,40,15,15,5,0,1059,159);
INSERT INTO "SkillList" VALUES(221,'聖女の呼び声',35,2,2,20,20,5,0,1060,160);
INSERT INTO "SkillList" VALUES(222,'サンダーボルト',45,15,20,170,190,5,0,94,161);
INSERT INTO "SkillList" VALUES(223,'ヒールマジックプラス',80,40,60,110,160,10,0,95,162);
INSERT INTO "SkillList" VALUES(224,'影月七連矢',65,20,20,100,100,5,0,1061,163);
INSERT INTO "SkillList" VALUES(225,'チェンジヒール',25,10,10,140,140,5,0,1062,127);
INSERT INTO "SkillList" VALUES(226,'チェンジアタック',25,10,10,140,140,5,0,1063,128);
INSERT INTO "SkillList" VALUES(227,'太陽の祈り',40,30,30,190,190,5,0,1064,164);
INSERT INTO "SkillList" VALUES(228,'エクスヒールマジック',80,70,70,180,180,10,0,95,162);
INSERT INTO "SkillList" VALUES(229,'ヒールウィンド',40,2,2,110,140,10,0,96,165);
INSERT INTO "SkillList" VALUES(230,'明鏡止水',50,35,35,30,30,5,0,1065,166);
INSERT INTO "SkillList" VALUES(231,'猛火の陣',75,15,15,20,20,5,0,1066,167);
INSERT INTO "SkillList" VALUES(232,'猛火の陣',75,15,15,25,25,5,0,1067,167);
INSERT INTO "SkillList" VALUES(233,'猛火の陣',75,15,15,30,30,5,0,1068,168);
INSERT INTO "SkillList" VALUES(234,'金城の陣',75,15,15,20,20,5,0,1069,169);
INSERT INTO "SkillList" VALUES(235,'金城の陣',75,15,15,25,25,5,0,1070,169);
INSERT INTO "SkillList" VALUES(236,'金城の陣',75,15,15,30,30,5,0,1071,170);
INSERT INTO "SkillList" VALUES(237,'カースボイス',60,15,20,160,200,5,0,97,171);
INSERT INTO "SkillList" VALUES(238,'奥義　岩砕滅隆剣',40,1,1,120,180,10,0,98,172);
INSERT INTO "SkillList" VALUES(239,'守護者の神盾',45,15,20,200,200,5,0,99,173);
INSERT INTO "SkillList" VALUES(240,'魔法剣・暴走',30,20,20,170,170,10,0,1072,174);
INSERT INTO "SkillList" VALUES(241,'ピアッシングソード',120,80,80,170,170,5,0,1073,175);
INSERT INTO "SkillList" VALUES(242,'ダブルスラッシュ',65,30,30,150,150,5,0,1074,176);
INSERT INTO "SkillList" VALUES(243,'エグゼスソード',60,25,25,200,200,5,0,42,48);
INSERT INTO "SkillList" VALUES(244,'援軍要請・撃滅',35,15,15,15,15,5,0,1075,177);
INSERT INTO "SkillList" VALUES(245,'アサルトモード',45,20,30,110,150,5,0,501,178);
INSERT INTO "SkillList" VALUES(246,'アースアーマー',55,40,40,180,180,5,0,1076,179);
INSERT INTO "SkillList" VALUES(247,'ファイアブリッツ',25,15,15,170,170,5,0,1077,180);
INSERT INTO "SkillList" VALUES(248,'訓練用砲弾',60,10,20,90,90,10,0,503,182);
INSERT INTO "SkillList" VALUES(249,'クイックスペル',45,20,25,110,150,5,0,25,31);
INSERT INTO "SkillList" VALUES(250,'重砲弾',40,5,5,300,300,10,0,502,181);
INSERT INTO "SkillList" VALUES(251,'ロケットパレード',55,35,35,250,250,5,0,1078,183);
INSERT INTO "SkillList" VALUES(252,'尖鋭弾',45,25,25,190,190,5,0,1079,184);
INSERT INTO "SkillList" VALUES(253,'魔砲弾・拡',45,25,25,200,200,5,0,1080,185);
INSERT INTO "SkillList" VALUES(254,'奥義　天破滅影剣',35,1,1,260,340,5,0,1081,186);
INSERT INTO "SkillList" VALUES(255,'ヒールフォートレス',40,20,20,180,180,5,0,1084,189);
INSERT INTO "SkillList" VALUES(256,'真銀の輝き',45,30,30,100,100,10,0,1082,187);
INSERT INTO "SkillList" VALUES(257,'ワンダーメイス',50,15,15,300,300,5,0,1083,188);
INSERT INTO "SkillList" VALUES(258,'ダークキュア',55,10,20,120,170,10,0,1085,190);
INSERT INTO "SkillList" VALUES(259,'炎竜の怒り',25,1,1,100,100,5,0,1086,126);
INSERT INTO "SkillList" VALUES(260,'炎竜の静寂',25,1,1,100,100,5,0,1087,125);
INSERT INTO "SkillList" VALUES(261,'ソードピストル',35,20,40,110,130,10,0,1088,191);
INSERT INTO "SkillList" VALUES(262,'フルスイング',40,20,20,270,270,5,0,1089,192);
INSERT INTO "SkillList" VALUES(263,'聖霊友情アタック',65,35,35,150,150,5,0,1090,193);
INSERT INTO "SkillList" VALUES(264,'ステップドライブ',35,10,10,50,50,5,0,1091,194);
INSERT INTO "SkillList" VALUES(265,'真・冥斧ファスケス',100,45,45,230,230,10,0,1092,195);
INSERT INTO "SkillList" VALUES(266,'超捨て身',35,10,10,320,320,5,0,1094,197);
INSERT INTO "SkillList" VALUES(267,'大山賊時代',60,50,50,200,200,5,0,1093,196);
INSERT INTO "SkillList" VALUES(268,'魔槍ゲイボルグ',65,20,40,110,150,10,0,1095,198);
INSERT INTO "SkillList" VALUES(269,'閃光玉',15,1,1,120,160,5,0,1096,199);
INSERT INTO "SkillList" VALUES(270,'ダモクレスの剣',80,40,50,110,120,5,0,1097,200);
INSERT INTO "SkillList" VALUES(271,'閃光玉',15,1,1,120,160,5,0,1098,201);
INSERT INTO "SkillList" VALUES(272,'閃光玉',15,1,1,120,160,5,0,1099,202);
INSERT INTO "SkillList" VALUES(273,'集中治癒',50,15,25,160,220,10,0,1100,203);
INSERT INTO "SkillList" VALUES(274,'最後の切り札',95,3,3,700,700,5,0,1101,204);
INSERT INTO "SkillList" VALUES(275,'ファーストショット',40,30,30,190,190,5,0,1102,205);
INSERT INTO "SkillList" VALUES(276,'バーニングブラッド',80,25,25,180,180,10,0,46,52);
INSERT INTO "SkillList" VALUES(277,'聖なるオーラ',110,60,60,10,10,10,0,1103,206);
INSERT INTO "SkillList" VALUES(278,'超滅多斬り',80,20,20,150,150,10,0,1104,207);
INSERT INTO "SkillList" VALUES(279,'デスエナジー',30,30,30,300,300,1,0,1105,208);
INSERT INTO "SkillList" VALUES(280,'残虐な天使',35,25,25,2,2,10,0,1106,209);
INSERT INTO "SkillList" VALUES(281,'癒しの天使',20,25,25,2,2,10,0,1107,210);
INSERT INTO "SkillList" VALUES(282,'奥義　天招流星剣',85,6,10,180,240,3,0,1108,211);
INSERT INTO "SkillList" VALUES(283,'マジックウェポン',65,10,15,100,100,5,0,1109,212);
INSERT INTO "SkillList" VALUES(284,'イカロスウイング',30,20,35,110,130,10,0,1111,213);
INSERT INTO "SkillList" VALUES(285,'イカロスウイング',30,20,35,100,120,10,0,1112,214);
INSERT INTO "SkillList" VALUES(286,'イカロスウイング',30,20,35,100,110,10,0,1113,215);
INSERT INTO "SkillList" VALUES(287,'真・イフリート',25,25,25,0,0,5,0,1110,216);
INSERT INTO "SkillList" VALUES(288,'硬気功',80,40,60,160,200,5,0,1114,217);
INSERT INTO "SkillList" VALUES(289,'剛力活丹功',35,30,30,200,200,5,0,1115,218);
INSERT INTO "SkillList" VALUES(290,'剛力活丹功',35,30,30,220,220,5,0,1116,219);
INSERT INTO "SkillList" VALUES(291,'剛力活丹功',35,30,30,250,250,5,0,1117,220);
INSERT INTO "SkillList" VALUES(292,'剛力活丹功',35,30,30,250,250,5,0,1117,221);
INSERT INTO "SkillList" VALUES(293,'ワールウィンド',35,45,45,0,0,5,0,1118,222);
INSERT INTO "SkillList" VALUES(294,'クイックウイング',20,12,12,0,0,5,0,1119,223);
INSERT INTO "SkillList" VALUES(295,'ダイダロスウイング',30,40,40,140,140,10,0,1120,224);
INSERT INTO "SkillList" VALUES(296,'ウイングチャージ',30,10,10,80,80,10,0,1121,225);
INSERT INTO "SkillList" VALUES(297,'我流操槍術・天輪撃',45,30,30,90,90,5,0,1122,226);
INSERT INTO "SkillList" VALUES(298,'呪血の目覚め',90,35,35,150,150,10,0,1123,227);
INSERT INTO "SkillList" VALUES(299,'死の予告状',55,30,30,160,160,5,0,1124,228);
INSERT INTO "SkillList" VALUES(300,'超暗殺',30,15,15,200,200,5,0,1125,229);
INSERT INTO "SkillList" VALUES(301,'イービルフォース',45,15,25,120,170,10,0,1126,230);
INSERT INTO "SkillList" VALUES(302,'雷牙',40,15,20,140,160,5,0,1127,231);
INSERT INTO "SkillList" VALUES(303,'名剣グラバム',60,30,40,160,200,5,0,1128,232);
INSERT INTO "SkillList" VALUES(304,'優妹の祈り',35,30,30,210,210,5,0,1129,233);
INSERT INTO "SkillList" VALUES(305,'優妹の祈り',35,30,30,180,180,5,0,1130,233);
INSERT INTO "SkillList" VALUES(306,'優妹の祈り',35,30,30,150,150,5,0,1131,234);
INSERT INTO "SkillList" VALUES(307,'賢姉の祈り',30,25,25,160,160,5,0,1132,235);
INSERT INTO "SkillList" VALUES(308,'賢姉の祈り',30,25,25,190,190,5,0,1133,236);
INSERT INTO "SkillList" VALUES(309,'賢姉の祈り',35,30,30,220,220,5,0,1134,357);
INSERT INTO "SkillList" VALUES(310,'ダブルヒール',40,30,30,170,170,5,0,1135,237);
INSERT INTO "SkillList" VALUES(311,'憤怒の一撃',70,20,20,450,450,5,0,1136,238);
INSERT INTO "SkillList" VALUES(312,'クイックエリアヒール',40,25,25,0,0,5,0,1137,239);
INSERT INTO "SkillList" VALUES(313,'恒星の杖',125,120,120,160,160,5,0,37,43);
INSERT INTO "SkillList" VALUES(314,'ダークネスソウル',35,10,10,180,180,10,0,1138,240);
INSERT INTO "SkillList" VALUES(315,'ブライトネスソウル',35,10,10,180,180,10,0,1139,241);
INSERT INTO "SkillList" VALUES(316,'火尖槍',50,15,15,160,200,5,0,1140,242);
INSERT INTO "SkillList" VALUES(317,'白百合の目覚め',20,35,35,190,190,5,0,1141,243);
INSERT INTO "SkillList" VALUES(318,'黒槍重突進',35,15,15,260,260,5,0,1142,244);
INSERT INTO "SkillList" VALUES(319,'真聖なる覚醒',35,40,40,200,200,5,0,1143,245);
INSERT INTO "SkillList" VALUES(320,'鉛槍トレーニング',20,20,20,50,50,5,0,1144,246);
INSERT INTO "SkillList" VALUES(321,'豪腕の槍騎兵',40,40,40,220,220,5,0,1145,247);
INSERT INTO "SkillList" VALUES(322,'体力強化Ⅰ',40,25,30,110,150,5,0,1146,248);
INSERT INTO "SkillList" VALUES(323,'ペネトレータモード',45,20,20,100,100,10,0,1147,249);
INSERT INTO "SkillList" VALUES(324,'バスターモード',50,30,30,200,200,5,0,1148,250);
INSERT INTO "SkillList" VALUES(325,'スキルブーストＭＡＸ',0,0,0,0,0,1,0,106,251);
INSERT INTO "SkillList" VALUES(326,'ランドスピン',45,20,25,150,170,5,0,1149,252);
INSERT INTO "SkillList" VALUES(327,'援軍要請・攻防',35,40,40,15,15,5,0,1150,253);
INSERT INTO "SkillList" VALUES(328,'堅鱗の癒し',65,25,25,140,140,5,0,1151,254);
INSERT INTO "SkillList" VALUES(329,'鋭牙の火炎',65,25,25,140,140,5,0,1152,255);
INSERT INTO "SkillList" VALUES(330,'二重詠唱',120,80,80,100,100,10,0,1153,256);
INSERT INTO "SkillList" VALUES(331,'鬼神の刻',25,15,20,120,140,5,0,1154,257);
INSERT INTO "SkillList" VALUES(332,'食い千切り',55,25,30,50,50,5,0,1155,258);
INSERT INTO "SkillList" VALUES(333,'絶・暗黒オーラ',120,10,10,30,50,5,0,1156,259);
INSERT INTO "SkillList" VALUES(334,'暗黒オーラ斬り',75,30,30,250,250,5,0,1157,260);
INSERT INTO "SkillList" VALUES(335,'神魔調伏の一刻',35,15,15,300,300,5,0,1158,261);
INSERT INTO "SkillList" VALUES(336,'アイギスの神器',100,30,30,300,300,1,0,1159,262);
INSERT INTO "SkillList" VALUES(337,'神剣キャリバーン',75,60,60,200,200,5,0,1160,263);
INSERT INTO "SkillList" VALUES(338,'聖剣アロンダイト',15,15,15,100,100,5,0,1161,264);
INSERT INTO "SkillList" VALUES(339,'聖剣アロンダイト',35,25,25,170,170,5,0,1162,265);
INSERT INTO "SkillList" VALUES(340,'竜殺しの投剣',70,40,40,150,150,10,0,1163,266);
INSERT INTO "SkillList" VALUES(341,'名剣フランベルク',85,30,30,150,150,5,0,1164,267);
INSERT INTO "SkillList" VALUES(342,'銘三条の初太刀',30,10,10,300,300,10,0,1165,268);
INSERT INTO "SkillList" VALUES(343,'剛剣ガラティン',50,25,25,230,230,5,0,1,7);
INSERT INTO "SkillList" VALUES(344,'真魔剣ティルフィング',35,15,15,8,8,5,0,1166,269);
INSERT INTO "SkillList" VALUES(345,'急所狙い',25,30,45,90,90,5,0,6,274);
INSERT INTO "SkillList" VALUES(346,'凶刃',15,20,20,180,180,5,0,1170,273);
INSERT INTO "SkillList" VALUES(347,'五月雨縫い',45,15,20,130,130,5,0,1167,270);
INSERT INTO "SkillList" VALUES(348,'特大閃光玉',15,1,1,160,160,5,0,1168,271);
INSERT INTO "SkillList" VALUES(349,'ライトニングハンマー',50,25,25,170,170,5,0,1169,272);
INSERT INTO "SkillList" VALUES(350,'怪力の軟膏',30,20,25,130,180,5,0,37,43);
INSERT INTO "SkillList" VALUES(351,'真・扇蝶の舞',25,60,60,200,200,10,0,1171,275);
INSERT INTO "SkillList" VALUES(352,'徒手戦闘術',35,20,30,200,200,10,0,1172,276);
INSERT INTO "SkillList" VALUES(353,'投剣戦闘術',45,30,30,190,190,10,0,1173,277);
INSERT INTO "SkillList" VALUES(354,'無影',25,65,65,90,90,10,0,1174,278);
INSERT INTO "SkillList" VALUES(355,'レッグスナイプ',30,30,30,170,170,5,0,1175,279);
INSERT INTO "SkillList" VALUES(356,'助けを呼ぶ',35,10,15,10,10,5,0,1176,280);
INSERT INTO "SkillList" VALUES(357,'アンデッドマーチ',50,35,35,300,300,10,0,1177,281);
INSERT INTO "SkillList" VALUES(358,'重殺イービルエナジー',50,15,15,130,130,5,0,1178,282);
INSERT INTO "SkillList" VALUES(359,'聖なる鐘の守護',70,15,30,100,100,10,0,1179,283);
INSERT INTO "SkillList" VALUES(360,'魔狼の咆哮',70,15,25,6,15,10,0,1180,284);
INSERT INTO "SkillList" VALUES(361,'虎伏堅盾の構え',65,40,40,160,160,5,0,1181,285);
INSERT INTO "SkillList" VALUES(362,'我流　真空剣',45,30,30,80,80,5,0,1182,286);
INSERT INTO "SkillList" VALUES(363,'神速抜刀術',85,25,25,0,0,5,0,1183,287);
INSERT INTO "SkillList" VALUES(364,'天華大輪斬',40,30,30,170,170,5,0,1184,288);
INSERT INTO "SkillList" VALUES(365,'妖刀　村正真打',80,25,25,10,10,5,0,1185,289);
INSERT INTO "SkillList" VALUES(366,'鬼降ろし',50,10,10,400,400,10,0,1186,290);
INSERT INTO "SkillList" VALUES(367,'精魂奉納の儀',13,3,3,20,20,3,0,1187,291);
INSERT INTO "SkillList" VALUES(368,'バリアブレイク',50,25,35,110,130,5,0,1188,292);
INSERT INTO "SkillList" VALUES(369,'ギガバリアブレイク',60,30,30,180,180,5,0,1189,293);
INSERT INTO "SkillList" VALUES(370,'聖剣アルタキエラ',35,20,20,100,100,5,0,1190,113);
INSERT INTO "SkillList" VALUES(371,'聖剣アルタキエラ',35,25,25,100,100,5,0,1191,294);
INSERT INTO "SkillList" VALUES(372,'ウィッチーズタイム',45,15,20,100,100,5,0,1192,295);
INSERT INTO "SkillList" VALUES(373,'セイクリッドオーラ',120,60,80,130,160,5,0,1193,296);
INSERT INTO "SkillList" VALUES(374,'ディバインオーラ',30,25,25,300,300,5,0,1194,297);
INSERT INTO "SkillList" VALUES(375,'神槍ゲイボルグ',70,40,40,170,170,10,0,1196,298);
INSERT INTO "SkillList" VALUES(376,'ハイクイックスペル',40,30,30,160,160,5,0,1195,299);
INSERT INTO "SkillList" VALUES(377,'火尖槍・焔玉',55,15,15,200,200,5,0,1197,300);
INSERT INTO "SkillList" VALUES(378,'山賊娘の底力',55,40,40,150,150,5,0,1050,151);
INSERT INTO "SkillList" VALUES(379,'如意棒',55,15,15,200,300,10,0,1199,302);
INSERT INTO "SkillList" VALUES(380,'地霊降ろし',20,10,10,140,140,5,0,1200,303);
INSERT INTO "SkillList" VALUES(381,'地霊降ろし解除',20,10,10,140,140,5,0,1201,304);
INSERT INTO "SkillList" VALUES(382,'二柱祈祷',35,25,25,70,70,5,0,1202,305);
INSERT INTO "SkillList" VALUES(383,'剛弦の極弓',45,30,30,220,220,5,0,1203,306);
INSERT INTO "SkillList" VALUES(384,'聖なる鐘の奇跡',130,25,25,100,100,10,0,1204,307);
INSERT INTO "SkillList" VALUES(385,'アローレイン',45,30,30,180,180,5,0,1205,308);
INSERT INTO "SkillList" VALUES(386,'大炎上',43,30,30,200,200,3,0,1206,309);
INSERT INTO "SkillList" VALUES(387,'秘呪・破術増命',75,30,30,200,200,5,0,1207,310);
INSERT INTO "SkillList" VALUES(388,'カースソング',65,25,25,250,250,5,0,1208,311);
INSERT INTO "SkillList" VALUES(389,'乙女の挑発',45,25,30,130,150,5,0,1209,312);
INSERT INTO "SkillList" VALUES(390,'鉄壁の挑発',65,60,60,200,200,5,0,1210,345);
INSERT INTO "SkillList" VALUES(391,'カースオブデス',70,25,25,200,200,5,0,1211,313);
INSERT INTO "SkillList" VALUES(392,'魔剣ダーインスレイヴ',30,25,30,130,150,5,0,1212,314);
INSERT INTO "SkillList" VALUES(393,'邪剣ダーインスレイヴ',20,25,25,180,180,5,0,1213,315);
INSERT INTO "SkillList" VALUES(394,'ラストデスエナジー',55,20,30,300,300,10,0,1214,316);
INSERT INTO "SkillList" VALUES(395,'エスカレートステップ',45,18,18,150,150,5,0,1215,317);
INSERT INTO "SkillList" VALUES(396,'エスカレートステップ',45,18,18,150,150,5,0,1216,317);
INSERT INTO "SkillList" VALUES(397,'エスカレートステップ',45,18,18,150,150,5,0,1217,318);
INSERT INTO "SkillList" VALUES(398,'エンドレスワルツ',50,9999,9999,140,140,10,0,1218,319);
INSERT INTO "SkillList" VALUES(399,'癒しの舞',45,18,18,150,150,5,0,1219,320);
INSERT INTO "SkillList" VALUES(400,'理力の剣',50,25,25,200,200,5,0,1220,321);
INSERT INTO "SkillList" VALUES(401,'性質変換の秘術',75,25,25,25,25,5,0,1221,322);
INSERT INTO "SkillList" VALUES(402,'ユニゾンバレット',60,10,10,100,100,5,0,1222,323);
INSERT INTO "SkillList" VALUES(403,'アニメイトデッド',45,20,20,300,300,10,0,1223,324);
INSERT INTO "SkillList" VALUES(404,'アニメイトデッド',45,20,20,300,300,10,0,1224,325);
INSERT INTO "SkillList" VALUES(405,'アニメイトデッド',45,20,20,300,300,10,0,1225,326);
INSERT INTO "SkillList" VALUES(406,'堕天使の弓撃',30,20,30,100,100,10,0,1226,327);
INSERT INTO "SkillList" VALUES(407,'神罰の天弓',35,30,30,140,140,10,0,1227,328);
INSERT INTO "SkillList" VALUES(408,'秘法　魔導加速の理',50,20,20,100,100,5,0,1228,329);
INSERT INTO "SkillList" VALUES(409,'ドラゴンオーラ',45,20,20,150,150,10,0,1229,330);
INSERT INTO "SkillList" VALUES(410,'ドラゴンサンダー',50,20,20,200,200,5,0,1230,331);
INSERT INTO "SkillList" VALUES(411,'ディノブースト',145,9999,9999,150,150,5,0,1231,332);
INSERT INTO "SkillList" VALUES(412,'エクスプロードブレス',45,2,2,160,160,5,0,1232,333);
INSERT INTO "SkillList" VALUES(413,'真・氷結呪縛',50,20,20,170,170,10,0,1238,334);
INSERT INTO "SkillList" VALUES(414,'白き魔女の宴',80,30,30,200,200,5,0,1233,335);
INSERT INTO "SkillList" VALUES(415,'ルナティックソーン',25,20,20,130,130,5,0,1234,336);
INSERT INTO "SkillList" VALUES(416,'フリージングウェイブ',50,35,35,160,160,5,0,1235,337);
INSERT INTO "SkillList" VALUES(417,'アサルトファミリア',55,30,30,140,140,5,0,1236,338);
INSERT INTO "SkillList" VALUES(418,'極寒の聖夜',50,25,25,100,100,5,0,1237,339);
INSERT INTO "SkillList" VALUES(419,'アヌビスの守護',45,15,15,500,500,5,0,1239,340);
INSERT INTO "SkillList" VALUES(420,'不死鳥の一撃',100,60,60,50,50,5,0,1240,341);
INSERT INTO "SkillList" VALUES(421,'大暴食',50,20,20,50,50,5,0,1241,342);
INSERT INTO "SkillList" VALUES(422,'ダークエルフの劇薬',30,2,2,50,50,5,0,1242,343);
INSERT INTO "SkillList" VALUES(423,'ダークエルフの秘薬',30,2,2,100,100,5,0,1243,344);
INSERT INTO "SkillList" VALUES(424,'刻詠の業',105,40,60,30,50,5,0,1244,370);
INSERT INTO "SkillList" VALUES(425,'体力強化Ⅱ',40,30,35,120,160,5,0,1146,248);
INSERT INTO "SkillList" VALUES(426,'ハイパワーショット',35,25,25,220,220,5,0,1245,346);
INSERT INTO "SkillList" VALUES(427,'鎮圧用散弾',25,50,50,130,130,5,0,1246,347);
INSERT INTO "SkillList" VALUES(428,'バーストピストル',40,30,30,6,6,10,0,1247,348);
INSERT INTO "SkillList" VALUES(429,'涼やかな癒しの風',25,20,20,160,160,5,0,1248,349);
INSERT INTO "SkillList" VALUES(430,'エリアヒールプラス',30,35,35,200,200,5,0,1249,350);
INSERT INTO "SkillList" VALUES(431,'久遠の龍脈',75,120,120,140,140,5,0,1250,351);
INSERT INTO "SkillList" VALUES(432,'ハンティングタイム',30,15,15,300,300,10,0,1251,352);
INSERT INTO "SkillList" VALUES(433,'莫邪の宝剣',60,25,35,120,140,10,0,1252,353);
INSERT INTO "SkillList" VALUES(434,'莫邪の退魔剣',50,30,30,170,170,10,0,1253,354);
INSERT INTO "SkillList" VALUES(435,'真祖の血脈',70,10,20,40,50,5,0,1254,355);
INSERT INTO "SkillList" VALUES(436,'ワイドエリアヒール',35,25,25,160,160,5,0,1255,356);
INSERT INTO "SkillList" VALUES(437,'宮廷槍斧術・守の型',65,30,40,120,150,5,0,1256,358);
INSERT INTO "SkillList" VALUES(438,'宮廷槍斧術・攻守の型',65,30,30,140,140,5,0,1257,359);
INSERT INTO "SkillList" VALUES(439,'断罪の天使',45,30,30,230,230,10,0,1258,360);
INSERT INTO "SkillList" VALUES(440,'妖狐大覚醒',25,30,30,300,300,3,0,1259,361);
INSERT INTO "SkillList" VALUES(441,'霊刀　小狐丸',25,25,25,250,250,3,0,1260,362);
INSERT INTO "SkillList" VALUES(442,'八卦の陣',60,5,10,100,100,5,0,1261,363);
INSERT INTO "SkillList" VALUES(443,'アダマスの神器',100,30,30,200,200,1,0,1262,364);
INSERT INTO "SkillList" VALUES(444,'神樹の稲妻',50,2,2,160,160,10,0,1263,365);
INSERT INTO "SkillList" VALUES(445,'木々の目覚め',85,40,40,140,140,5,0,1264,366);
INSERT INTO "SkillList" VALUES(446,'八卦の陣・死門',70,10,10,100,100,5,0,1265,367);
INSERT INTO "SkillList" VALUES(447,'サラマンダー',20,20,30,100,100,5,0,1266,368);
INSERT INTO "SkillList" VALUES(448,'サラマンダー永続召喚',80,9999,9999,100,100,5,0,1267,369);
INSERT INTO "SkillList" VALUES(449,'タフネスチャージ',60,2,2,170,170,5,0,1268,371);
INSERT INTO "SkillList" VALUES(450,'ドリアードの妖精弓',25,30,40,100,100,5,0,1269,372);
INSERT INTO "SkillList" VALUES(451,'シェイドの魔弓',35,45,45,100,100,5,0,1270,373);
INSERT INTO "SkillList" VALUES(452,'基本戦術・陣地防御',50,10,20,110,120,10,0,1271,374);
INSERT INTO "SkillList" VALUES(453,'基本戦術・反転攻勢',50,10,20,110,120,10,0,1272,375);
INSERT INTO "SkillList" VALUES(454,'応用戦術・堅守強攻',100,25,25,125,125,10,0,1273,376);
INSERT INTO "SkillList" VALUES(455,'対竜弾',50,20,30,110,150,10,0,1274,377);
INSERT INTO "SkillList" VALUES(456,'忍法・空蝉凄刀斬',80,35,35,100,100,5,0,1275,378);
INSERT INTO "SkillList" VALUES(457,'怪力の軟膏・持久型',30,45,45,150,150,5,0,1278,43);
INSERT INTO "SkillList" VALUES(458,'忍法・ヒナ分身の術',50,40,40,50,50,5,0,1276,379);
INSERT INTO "SkillList" VALUES(459,'忍術・極',40,25,25,70,70,5,0,1277,32);
INSERT INTO "SkillList" VALUES(460,'魔獣炎操',55,15,20,160,200,5,0,1279,380);
INSERT INTO "SkillList" VALUES(461,'魔獣獄炎操',65,15,15,300,300,5,0,1279,380);
INSERT INTO "SkillList" VALUES(462,'がおがおコンボ',100,30,30,15,15,10,0,1280,381);
INSERT INTO "SkillList" VALUES(463,'閃槍連撃',50,25,35,0,0,10,0,1281,382);
INSERT INTO "SkillList" VALUES(464,'神速極光槍',35,20,20,0,0,10,0,1282,383);
INSERT INTO "SkillList" VALUES(465,'マジックエンチャント',70,15,15,100,100,5,0,1283,384);
INSERT INTO "SkillList" VALUES(466,'スペアゴーレム',105,20,20,100,100,5,0,1284,385);
INSERT INTO "SkillList" VALUES(467,'対デーモン速射弾',40,20,30,100,100,5,0,1285,386);
INSERT INTO "SkillList" VALUES(468,'ヘッドバレル',65,35,45,110,130,5,0,1286,387);
INSERT INTO "SkillList" VALUES(469,'ヘッドバレル・ダブル',75,40,40,100,100,5,0,1287,388);
INSERT INTO "SkillList" VALUES(470,'秘術　魔導共鳴増幅',85,30,30,200,200,5,0,1288,389);
INSERT INTO "SkillList" VALUES(471,'マジック☆シューター',40,25,25,170,170,5,0,1289,390);
INSERT INTO "SkillList" VALUES(472,'インフェルノ',60,25,25,150,150,5,0,1290,391);
INSERT INTO "SkillList" VALUES(473,'ダークネススフィア',30,45,45,200,200,5,0,1291,392);
INSERT INTO "SkillList" VALUES(474,'アンチマジックバリア',86,40,40,130,130,16,0,1292,393);
INSERT INTO "SkillList" VALUES(475,'アクセルミラージュ',100,30,30,50,50,5,0,1293,394);
INSERT INTO "SkillList" VALUES(476,'ナイトメアクロウ',45,20,20,130,130,10,0,79,86);
INSERT INTO "SkillList" VALUES(477,'ニアイモータル',95,25,25,70,70,5,0,1294,355);
INSERT INTO "SkillList" VALUES(478,'刻詠の宿業',205,9999,9999,30,30,5,0,1295,395);
INSERT INTO "SkillList" VALUES(479,'ビッグキャノン',80,60,80,120,140,5,0,1296,396);
INSERT INTO "SkillList" VALUES(480,'暗黒超重力弾',60,40,40,180,180,5,0,1297,397);
INSERT INTO "SkillList" VALUES(481,'如意棒・石猿',55,15,15,250,250,10,0,1298,398);
INSERT INTO "SkillList" VALUES(482,'タイムボム',65,3,3,120,160,10,0,1299,399);
INSERT INTO "SkillList" VALUES(483,'対オーク弾',50,20,30,110,150,10,0,1300,400);
INSERT INTO "SkillList" VALUES(484,'不可侵の神盾',40,20,20,200,200,5,0,1301,401);
INSERT INTO "SkillList" VALUES(485,'闇の解放',45,30,30,120,150,5,0,1302,402);
INSERT INTO "SkillList" VALUES(486,'ステルスショット',35,45,55,100,100,5,0,1303,403);
INSERT INTO "SkillList" VALUES(487,'ステルスフルショット',35,30,30,160,160,5,0,1304,404);
INSERT INTO "SkillList" VALUES(488,'全力で助けを呼ぶ',35,10,10,10,10,5,0,1305,405);
INSERT INTO "SkillList" VALUES(489,'アースグレイブ',35,30,30,130,180,5,0,1306,406);
INSERT INTO "SkillList" VALUES(490,'大地の怒り',35,30,30,180,180,5,0,1307,407);
INSERT INTO "SkillList" VALUES(491,'ジャイアントキリング',105,50,50,300,300,5,0,1308,408);
INSERT INTO "SkillList" VALUES(492,'エターナルアロー',80,9999,9999,110,130,5,0,1309,409);
INSERT INTO "SkillList" VALUES(493,'レインボーアロー',20,30,30,100,100,5,0,1310,410);
INSERT INTO "SkillList" VALUES(494,'パワーヒール',45,15,15,160,200,10,0,1311,411);
INSERT INTO "SkillList" VALUES(495,'エクスパワーヒール',50,20,20,250,250,10,0,1312,412);
INSERT INTO "SkillList" VALUES(496,'アシッドボム',45,30,30,140,180,5,0,1313,413);
INSERT INTO "SkillList" VALUES(497,'ハイパーアシッドボム',65,30,30,250,250,5,0,1314,414);
INSERT INTO "SkillList" VALUES(498,'エリクサー散布',11,9999,9999,100,100,1,0,1315,415);
INSERT INTO "SkillList" VALUES(499,'プリズムミラージュ',35,20,30,100,130,5,0,1316,416);
INSERT INTO "SkillList" VALUES(500,'プリズムシャドウ',50,9999,9999,100,100,5,0,1317,417);
INSERT INTO "SkillList" VALUES(501,'勝利のルーン',50,30,30,240,240,5,0,1318,105);
INSERT INTO "SkillList" VALUES(502,'勝利のルーン',50,30,30,300,300,5,0,1319,418);
CREATE TABLE AbilityConfig(ConfigID integer,InvokeType integer,TargetType integer,InfluenceType integer,Param1 integer,Param2 integer,Param3 integer,Param4 integer,Command TEXT,ActivateCommand TEXT);
INSERT INTO "AbilityConfig" VALUES(1,1,1,2,120,100,0,0,'','');
INSERT INTO "AbilityConfig" VALUES(2,1,1,2,130,100,0,0,'','');
INSERT INTO "AbilityConfig" VALUES(3,1,1,3,130,100,0,0,'','');
INSERT INTO "AbilityConfig" VALUES(4,1,1,3,140,100,0,0,'','');
INSERT INTO "AbilityConfig" VALUES(5,1,1,4,130,100,0,0,'','');
INSERT INTO "AbilityConfig" VALUES(35,2,2,10,1,2,0,0,'','');
INSERT INTO "AbilityConfig" VALUES(0,2,2,44,1,0,0,0,'','');
INSERT INTO "AbilityConfig" VALUES(0,2,2,12,15,2,0,0,'','');
INSERT INTO "AbilityConfig" VALUES(6,2,2,10,1,3,0,0,'','');
INSERT INTO "AbilityConfig" VALUES(0,2,2,44,2,0,0,0,'','');
INSERT INTO "AbilityConfig" VALUES(7,2,2,10,2,3,0,0,'','');
INSERT INTO "AbilityConfig" VALUES(0,2,2,44,2,0,0,0,'','');
INSERT INTO "AbilityConfig" VALUES(8,2,2,10,1,4,0,0,'','');
INSERT INTO "AbilityConfig" VALUES(0,2,2,44,3,0,0,0,'','');
INSERT INTO "AbilityConfig" VALUES(0,0,2,13,5,4,0,0,'','');
INSERT INTO "AbilityConfig" VALUES(40,3,2,17,0,500,0,0,'','');
INSERT INTO "AbilityConfig" VALUES(41,3,2,17,0,700,0,0,'','');
INSERT INTO "AbilityConfig" VALUES(42,3,2,17,0,900,0,0,'','');
INSERT INTO "AbilityConfig" VALUES(43,4,1,18,20,0,0,0,'','');
INSERT INTO "AbilityConfig" VALUES(44,4,1,19,15,0,0,0,'','');
INSERT INTO "AbilityConfig" VALUES(45,4,1,19,25,0,0,0,'','');
INSERT INTO "AbilityConfig" VALUES(46,4,1,20,5,0,0,0,'','');
INSERT INTO "AbilityConfig" VALUES(47,4,1,20,30,0,0,0,'','');
INSERT INTO "AbilityConfig" VALUES(48,4,1,20,25,0,0,0,'','');
INSERT INTO "AbilityConfig" VALUES(49,4,1,20,50,0,0,0,'','');
INSERT INTO "AbilityConfig" VALUES(50,4,1,20,20,0,0,0,'','');
INSERT INTO "AbilityConfig" VALUES(51,4,1,8,20,180,0,0,'','');
INSERT INTO "AbilityConfig" VALUES(52,4,1,8,10,300,15,0,'','');
INSERT INTO "AbilityConfig" VALUES(54,1,1,14,125,0,0,0,'','');
INSERT INTO "AbilityConfig" VALUES(55,1,1,14,140,0,0,0,'','');
INSERT INTO "AbilityConfig" VALUES(0,1,1,10,-1,0,0,0,'','');
INSERT INTO "AbilityConfig" VALUES(56,1,1,13,130,0,0,0,'','');
INSERT INTO "AbilityConfig" VALUES(0,0,0,14,130,0,0,0,'','');
INSERT INTO "AbilityConfig" VALUES(57,1,1,13,110,0,0,0,'','');
INSERT INTO "AbilityConfig" VALUES(58,1,1,13,120,0,0,0,'','');
INSERT INTO "AbilityConfig" VALUES(59,1,1,13,135,0,0,0,'','');
INSERT INTO "AbilityConfig" VALUES(60,1,1,12,120,0,0,0,'','');
INSERT INTO "AbilityConfig" VALUES(61,1,1,21,15,0,0,0,'','');
INSERT INTO "AbilityConfig" VALUES(62,1,1,21,30,0,0,0,'','');
INSERT INTO "AbilityConfig" VALUES(63,1,1,21,60,0,0,0,'','');
INSERT INTO "AbilityConfig" VALUES(64,1,1,21,40,0,0,0,'','');
INSERT INTO "AbilityConfig" VALUES(65,1,1,21,-40,0,0,0,'','');
INSERT INTO "AbilityConfig" VALUES(66,1,1,21,-30,0,0,0,'','');
INSERT INTO "AbilityConfig" VALUES(67,1,1,21,-30,0,0,0,'','');
INSERT INTO "AbilityConfig" VALUES(68,1,1,22,15,0,0,0,'','');
INSERT INTO "AbilityConfig" VALUES(69,1,1,22,30,0,0,0,'','');
INSERT INTO "AbilityConfig" VALUES(70,1,1,23,2,0,0,0,'','');
INSERT INTO "AbilityConfig" VALUES(71,1,1,15,5,0,0,0,'','');
INSERT INTO "AbilityConfig" VALUES(72,1,1,15,10,0,0,0,'','');
INSERT INTO "AbilityConfig" VALUES(73,1,1,15,20,0,0,0,'','');
INSERT INTO "AbilityConfig" VALUES(74,1,1,24,20,0,0,0,'','');
INSERT INTO "AbilityConfig" VALUES(75,1,1,25,1,0,0,0,'','');
INSERT INTO "AbilityConfig" VALUES(76,1,1,25,2,0,0,0,'','');
INSERT INTO "AbilityConfig" VALUES(77,1,1,25,3,0,0,0,'','');
INSERT INTO "AbilityConfig" VALUES(78,1,1,26,10,3,7,0,'','');
INSERT INTO "AbilityConfig" VALUES(79,1,1,26,20,2,7,0,'','');
INSERT INTO "AbilityConfig" VALUES(80,1,1,26,10,2,15,0,'','');
INSERT INTO "AbilityConfig" VALUES(53,4,1,19,10,0,0,0,'','');
INSERT INTO "AbilityConfig" VALUES(0,4,1,8,10,180,0,0,'','');
INSERT INTO "AbilityConfig" VALUES(0,4,1,9,10,180,0,0,'','');
INSERT INTO "AbilityConfig" VALUES(81,1,1,1,180,20,0,0,'','');
INSERT INTO "AbilityConfig" VALUES(0,1,1,4,180,100,0,0,'','');
INSERT INTO "AbilityConfig" VALUES(0,4,1,9,20,180,0,0,'','');
INSERT INTO "AbilityConfig" VALUES(82,1,1,1,180,20,0,0,'','');
INSERT INTO "AbilityConfig" VALUES(0,1,1,4,180,100,0,0,'','');
INSERT INTO "AbilityConfig" VALUES(0,1,1,5,180,100,0,0,'','');
INSERT INTO "AbilityConfig" VALUES(83,2,2,16,150,0,11,0,'','');
INSERT INTO "AbilityConfig" VALUES(84,1,1,10,4,0,0,0,'','');
INSERT INTO "AbilityConfig" VALUES(0,0,1,12,80,0,0,0,'','');
INSERT INTO "AbilityConfig" VALUES(85,1,1,29,1,100,0,0,'','');
INSERT INTO "AbilityConfig" VALUES(86,1,1,10,1,0,0,0,'','');
INSERT INTO "AbilityConfig" VALUES(0,1,1,29,1,100,0,0,'','');
INSERT INTO "AbilityConfig" VALUES(0,1,1,27,1,2,0,0,'','');
INSERT INTO "AbilityConfig" VALUES(87,1,1,13,110,0,0,0,'','');
INSERT INTO "AbilityConfig" VALUES(0,1,1,29,1,100,0,0,'','');
INSERT INTO "AbilityConfig" VALUES(0,1,1,28,1,110,0,0,'','');
INSERT INTO "AbilityConfig" VALUES(12,2,2,12,5,5,0,0,'','');
INSERT INTO "AbilityConfig" VALUES(0,0,2,14,5,5,0,0,'','');
INSERT INTO "AbilityConfig" VALUES(9,2,2,12,3,0,0,0,'','');
INSERT INTO "AbilityConfig" VALUES(10,2,2,12,10,0,0,0,'','');
INSERT INTO "AbilityConfig" VALUES(11,2,2,12,14,0,0,0,'','');
INSERT INTO "AbilityConfig" VALUES(13,2,2,13,2,0,0,0,'','');
INSERT INTO "AbilityConfig" VALUES(14,2,2,13,5,0,0,0,'','');
INSERT INTO "AbilityConfig" VALUES(15,2,2,13,7,0,0,0,'','');
INSERT INTO "AbilityConfig" VALUES(16,2,2,14,2,0,0,0,'','');
INSERT INTO "AbilityConfig" VALUES(17,2,2,14,5,0,0,0,'','');
INSERT INTO "AbilityConfig" VALUES(18,2,2,14,7,0,0,0,'','');
INSERT INTO "AbilityConfig" VALUES(29,2,2,13,7,0,1,0,'','');
INSERT INTO "AbilityConfig" VALUES(19,2,2,13,7,0,2,0,'','');
INSERT INTO "AbilityConfig" VALUES(27,2,2,14,5,0,2,0,'','');
INSERT INTO "AbilityConfig" VALUES(22,2,2,13,7,0,3,0,'','');
INSERT INTO "AbilityConfig" VALUES(36,2,2,12,10,0,6,0,'','');
INSERT INTO "AbilityConfig" VALUES(26,2,2,13,5,0,6,0,'','');
INSERT INTO "AbilityConfig" VALUES(23,2,2,13,7,0,8,10,'','');
INSERT INTO "AbilityConfig" VALUES(28,2,2,14,5,0,8,0,'','');
INSERT INTO "AbilityConfig" VALUES(24,2,2,13,7,0,14,0,'','');
INSERT INTO "AbilityConfig" VALUES(32,2,2,14,5,0,15,0,'','');
INSERT INTO "AbilityConfig" VALUES(33,2,2,12,10,0,15,0,'','');
INSERT INTO "AbilityConfig" VALUES(31,2,2,13,7,0,16,0,'','');
INSERT INTO "AbilityConfig" VALUES(25,2,2,13,7,0,100,0,'','');
INSERT INTO "AbilityConfig" VALUES(21,2,2,13,7,0,101,0,'','');
INSERT INTO "AbilityConfig" VALUES(20,2,2,13,7,0,103,0,'','');
INSERT INTO "AbilityConfig" VALUES(30,2,2,13,7,0,104,0,'','');
INSERT INTO "AbilityConfig" VALUES(162,2,2,13,7,0,11,0,'','');
INSERT INTO "AbilityConfig" VALUES(34,2,2,13,5,1,1,0,'','');
INSERT INTO "AbilityConfig" VALUES(0,0,0,14,5,1,1,0,'','');
INSERT INTO "AbilityConfig" VALUES(0,0,0,12,5,1,1,0,'','');
INSERT INTO "AbilityConfig" VALUES(38,2,2,13,5,1,2,0,'','');
INSERT INTO "AbilityConfig" VALUES(39,2,2,15,10,1,2,0,'','');
INSERT INTO "AbilityConfig" VALUES(37,2,2,13,5,1,2,0,'','');
INSERT INTO "AbilityConfig" VALUES(0,0,0,14,5,1,2,0,'','');
INSERT INTO "AbilityConfig" VALUES(0,0,0,12,5,1,2,0,'','');
INSERT INTO "AbilityConfig" VALUES(88,4,1,30,4,30,0,0,'','');
INSERT INTO "AbilityConfig" VALUES(0,1,1,31,1,0,0,0,'','');
INSERT INTO "AbilityConfig" VALUES(0,1,1,32,1,2,100,0,'','');
INSERT INTO "AbilityConfig" VALUES(0,1,1,65,0,0,0,0,'','');
INSERT INTO "AbilityConfig" VALUES(89,4,2,30,10,30,0,0,'','');
INSERT INTO "AbilityConfig" VALUES(0,1,1,31,3,0,0,0,'','');
INSERT INTO "AbilityConfig" VALUES(90,4,2,30,18,30,0,0,'','');
INSERT INTO "AbilityConfig" VALUES(0,1,1,31,3,0,0,0,'','');
INSERT INTO "AbilityConfig" VALUES(91,4,1,30,20,30,0,0,'','');
INSERT INTO "AbilityConfig" VALUES(92,4,1,30,12,30,0,0,'','');
INSERT INTO "AbilityConfig" VALUES(0,1,1,32,2,0,300,0,'','');
INSERT INTO "AbilityConfig" VALUES(93,4,1,30,15,30,0,0,'','');
INSERT INTO "AbilityConfig" VALUES(94,4,2,30,10,30,0,0,'','');
INSERT INTO "AbilityConfig" VALUES(0,1,1,31,2,0,0,0,'','');
INSERT INTO "AbilityConfig" VALUES(95,4,2,30,12,30,0,0,'','');
INSERT INTO "AbilityConfig" VALUES(96,2,2,16,120,0,11,0,'','');
INSERT INTO "AbilityConfig" VALUES(97,2,2,10,1,2,0,0,'','');
INSERT INTO "AbilityConfig" VALUES(0,2,2,44,1,0,0,0,'','');
INSERT INTO "AbilityConfig" VALUES(98,2,2,10,1,4,0,0,'','');
INSERT INTO "AbilityConfig" VALUES(0,2,2,44,3,0,0,0,'','');
INSERT INTO "AbilityConfig" VALUES(99,2,2,33,2,0,0,0,'','');
INSERT INTO "AbilityConfig" VALUES(100,1,1,34,100,0,0,0,'','');
INSERT INTO "AbilityConfig" VALUES(101,1,1,10,1,0,0,0,'','');
INSERT INTO "AbilityConfig" VALUES(102,1,1,35,200,0,0,0,'','');
INSERT INTO "AbilityConfig" VALUES(103,1,1,35,300,0,0,0,'','');
INSERT INTO "AbilityConfig" VALUES(0,4,2,51,100,0,4,0,'','');
INSERT INTO "AbilityConfig" VALUES(104,1,1,37,20,0,0,0,'','');
INSERT INTO "AbilityConfig" VALUES(105,1,1,37,50,0,0,0,'','');
INSERT INTO "AbilityConfig" VALUES(106,1,1,36,2,0,0,0,'','');
INSERT INTO "AbilityConfig" VALUES(107,1,1,38,8,0,0,0,'','');
INSERT INTO "AbilityConfig" VALUES(108,4,2,19,7,0,0,0,'','');
INSERT INTO "AbilityConfig" VALUES(0,4,2,39,3,0,0,0,'','');
INSERT INTO "AbilityConfig" VALUES(109,4,2,40,30,0,0,0,'','');
INSERT INTO "AbilityConfig" VALUES(0,0,0,41,20,0,0,0,'','');
INSERT INTO "AbilityConfig" VALUES(110,4,2,10,1,1,2,0,'','');
INSERT INTO "AbilityConfig" VALUES(0,2,2,44,4,0,0,0,'','');
INSERT INTO "AbilityConfig" VALUES(111,2,2,13,5,1,5,191,'','');
INSERT INTO "AbilityConfig" VALUES(0,2,2,14,5,1,5,191,'','');
INSERT INTO "AbilityConfig" VALUES(0,2,2,10,2,1,5,191,'','');
INSERT INTO "AbilityConfig" VALUES(0,2,2,44,5,0,0,0,'','');
INSERT INTO "AbilityConfig" VALUES(112,2,2,13,10,1,5,191,'','');
INSERT INTO "AbilityConfig" VALUES(0,2,2,14,10,1,5,191,'','');
INSERT INTO "AbilityConfig" VALUES(0,2,2,10,2,1,5,191,'','');
INSERT INTO "AbilityConfig" VALUES(0,2,2,44,5,0,0,0,'','');
INSERT INTO "AbilityConfig" VALUES(113,1,1,56,40,60,120,0,'','');
INSERT INTO "AbilityConfig" VALUES(114,1,1,43,1,200,51,0,'','');
INSERT INTO "AbilityConfig" VALUES(0,1,1,1,130,100,0,0,'IsEnemyRace(6);','');
INSERT INTO "AbilityConfig" VALUES(115,4,2,10,1,0,0,0,'','');
INSERT INTO "AbilityConfig" VALUES(0,4,2,44,6,0,0,0,'','');
INSERT INTO "AbilityConfig" VALUES(116,4,2,10,2,0,0,0,'','');
INSERT INTO "AbilityConfig" VALUES(0,4,2,44,6,0,0,0,'','');
INSERT INTO "AbilityConfig" VALUES(163,4,2,10,3,0,0,0,'','');
INSERT INTO "AbilityConfig" VALUES(0,4,2,44,6,0,0,0,'','');
INSERT INTO "AbilityConfig" VALUES(117,4,2,45,10,0,0,0,'','');
INSERT INTO "AbilityConfig" VALUES(118,4,2,45,20,0,0,0,'','');
INSERT INTO "AbilityConfig" VALUES(119,4,2,45,30,0,0,0,'','');
INSERT INTO "AbilityConfig" VALUES(120,1,1,4,150,100,0,0,'','');
INSERT INTO "AbilityConfig" VALUES(121,1,1,4,150,100,0,0,'','');
INSERT INTO "AbilityConfig" VALUES(122,1,1,4,180,100,0,0,'','');
INSERT INTO "AbilityConfig" VALUES(123,1,1,46,110,100,0,0,'','');
INSERT INTO "AbilityConfig" VALUES(124,1,1,46,120,100,0,0,'','');
INSERT INTO "AbilityConfig" VALUES(125,1,1,46,130,100,0,0,'','');
INSERT INTO "AbilityConfig" VALUES(126,1,1,6,150,100,0,0,'','');
INSERT INTO "AbilityConfig" VALUES(127,1,1,6,170,100,0,0,'','');
INSERT INTO "AbilityConfig" VALUES(128,1,1,6,180,100,0,0,'','');
INSERT INTO "AbilityConfig" VALUES(129,1,1,47,70,0,0,0,'','');
INSERT INTO "AbilityConfig" VALUES(130,1,1,47,80,0,0,0,'','');
INSERT INTO "AbilityConfig" VALUES(131,1,1,47,100,0,0,0,'','');
INSERT INTO "AbilityConfig" VALUES(132,1,1,48,1,0,0,0,'','');
INSERT INTO "AbilityConfig" VALUES(133,1,1,49,50,50,0,0,'','');
INSERT INTO "AbilityConfig" VALUES(134,4,1,50,200,0,0,0,'','');
INSERT INTO "AbilityConfig" VALUES(135,2,2,11,120,0,0,0,'','');
INSERT INTO "AbilityConfig" VALUES(0,1,1,80,3,0,0,0,'','');
INSERT INTO "AbilityConfig" VALUES(136,2,2,12,10,0,1,0,'','');
INSERT INTO "AbilityConfig" VALUES(0,2,2,52,1,0,0,0,'','');
INSERT INTO "AbilityConfig" VALUES(137,2,2,12,15,0,1,0,'','');
INSERT INTO "AbilityConfig" VALUES(0,2,2,52,1,0,0,0,'','');
INSERT INTO "AbilityConfig" VALUES(0,4,2,51,100,0,1,0,'','');
INSERT INTO "AbilityConfig" VALUES(138,1,1,14,110,0,0,0,'','');
INSERT INTO "AbilityConfig" VALUES(139,1,1,13,120,0,0,0,'','');
INSERT INTO "AbilityConfig" VALUES(0,1,1,21,-20,0,0,0,'','');
INSERT INTO "AbilityConfig" VALUES(140,1,1,57,3,0,0,0,'','');
INSERT INTO "AbilityConfig" VALUES(141,1,1,57,5,0,0,0,'','');
INSERT INTO "AbilityConfig" VALUES(142,1,1,58,3,0,0,0,'','');
INSERT INTO "AbilityConfig" VALUES(143,1,1,58,5,0,0,0,'','');
INSERT INTO "AbilityConfig" VALUES(144,1,1,59,4,0,0,0,'','');
INSERT INTO "AbilityConfig" VALUES(145,1,1,59,6,0,0,0,'','');
INSERT INTO "AbilityConfig" VALUES(146,1,1,60,4,0,0,0,'','');
INSERT INTO "AbilityConfig" VALUES(147,1,1,60,7,0,0,0,'','');
INSERT INTO "AbilityConfig" VALUES(0,4,2,70,10,0,0,3,'IsClassType(6);','');
INSERT INTO "AbilityConfig" VALUES(0,2,2,81,2,0,0,6,'IsClassType(6);','');
INSERT INTO "AbilityConfig" VALUES(148,1,1,61,3,0,0,0,'','');
INSERT INTO "AbilityConfig" VALUES(149,1,1,61,4,0,0,0,'','');
INSERT INTO "AbilityConfig" VALUES(181,1,1,79,3,2,0,0,'','');
INSERT INTO "AbilityConfig" VALUES(182,1,1,79,5,2,0,0,'','');
INSERT INTO "AbilityConfig" VALUES(150,2,2,13,7,5,0,0,'','');
INSERT INTO "AbilityConfig" VALUES(151,1,1,55,3,0,0,0,'','');
INSERT INTO "AbilityConfig" VALUES(152,1,1,12,70,0,0,0,'','');
INSERT INTO "AbilityConfig" VALUES(0,1,1,13,120,0,0,0,'','');
INSERT INTO "AbilityConfig" VALUES(0,1,1,21,20,0,0,0,'','');
INSERT INTO "AbilityConfig" VALUES(153,2,2,16,130,0,19,0,'','');
INSERT INTO "AbilityConfig" VALUES(154,2,2,62,70,1,6,2,'','');
INSERT INTO "AbilityConfig" VALUES(155,1,1,26,10,4,7,0,'','');
INSERT INTO "AbilityConfig" VALUES(156,2,2,11,130,0,0,0,'','');
INSERT INTO "AbilityConfig" VALUES(0,1,1,80,5,0,0,0,'','');
INSERT INTO "AbilityConfig" VALUES(157,1,1,43,1,200,51,0,'','');
INSERT INTO "AbilityConfig" VALUES(158,2,2,16,120,0,112,0,'','');
INSERT INTO "AbilityConfig" VALUES(0,2,2,13,5,0,112,0,'','');
INSERT INTO "AbilityConfig" VALUES(159,1,1,55,1,0,0,0,'','');
INSERT INTO "AbilityConfig" VALUES(160,1,1,64,5,0,0,0,'','');
INSERT INTO "AbilityConfig" VALUES(161,2,2,16,120,0,26,0,'','');
INSERT INTO "AbilityConfig" VALUES(0,2,2,13,5,0,26,0,'','');
INSERT INTO "AbilityConfig" VALUES(164,1,1,56,30,60,120,0,'','');
INSERT INTO "AbilityConfig" VALUES(165,1,1,56,30,60,120,0,'','');
INSERT INTO "AbilityConfig" VALUES(0,4,2,51,100,0,14,0,'','');
INSERT INTO "AbilityConfig" VALUES(166,2,2,10,3,0,111,0,'','');
INSERT INTO "AbilityConfig" VALUES(0,2,2,44,7,0,0,0,'','');
INSERT INTO "AbilityConfig" VALUES(0,2,2,13,5,0,108,0,'','');
INSERT INTO "AbilityConfig" VALUES(0,2,2,53,1,0,0,0,'','');
INSERT INTO "AbilityConfig" VALUES(0,2,2,16,120,0,101,0,'','');
INSERT INTO "AbilityConfig" VALUES(167,2,2,10,4,0,111,0,'','');
INSERT INTO "AbilityConfig" VALUES(0,2,2,44,7,0,0,0,'','');
INSERT INTO "AbilityConfig" VALUES(0,2,2,13,7,0,108,0,'','');
INSERT INTO "AbilityConfig" VALUES(0,2,2,53,1,0,0,0,'','');
INSERT INTO "AbilityConfig" VALUES(0,2,2,16,130,0,101,0,'','');
INSERT INTO "AbilityConfig" VALUES(168,2,2,13,7,0,102,0,'','');
INSERT INTO "AbilityConfig" VALUES(169,2,2,69,2,0,0,1,'','');
INSERT INTO "AbilityConfig" VALUES(0,2,2,14,17,0,0,0,'','');
INSERT INTO "AbilityConfig" VALUES(170,1,1,66,100,1200,0,0,'','');
INSERT INTO "AbilityConfig" VALUES(0,3,1,72,0,0,0,0,'DoUnit_RegistCommand("OnDead","DoUnitAction_Revenge(100,"EFFECT_HIT_EFFECT_DEATH_GOD",121,0x98001b);");','');
INSERT INTO "AbilityConfig" VALUES(171,1,1,12,110,0,0,0,'','');
INSERT INTO "AbilityConfig" VALUES(0,1,1,13,110,0,0,0,'','');
INSERT INTO "AbilityConfig" VALUES(0,1,1,14,110,0,0,0,'','');
INSERT INTO "AbilityConfig" VALUES(0,1,1,10,-2,0,0,0,'','');
INSERT INTO "AbilityConfig" VALUES(172,2,2,15,5,0,1,2,'','');
INSERT INTO "AbilityConfig" VALUES(0,2,2,14,5,0,1,2,'','');
INSERT INTO "AbilityConfig" VALUES(173,1,1,78,10,0,0,0,'','');
INSERT INTO "AbilityConfig" VALUES(174,1,1,78,15,0,0,0,'','');
INSERT INTO "AbilityConfig" VALUES(175,4,2,70,20,0,0,1,'','');
INSERT INTO "AbilityConfig" VALUES(0,4,2,71,20,0,0,1,'','');
INSERT INTO "AbilityConfig" VALUES(0,4,2,73,100,0,0,0,'','');
INSERT INTO "AbilityConfig" VALUES(0,4,2,74,100,0,0,0,'','');
INSERT INTO "AbilityConfig" VALUES(0,4,2,75,100,0,0,0,'','');
INSERT INTO "AbilityConfig" VALUES(176,4,1,51,100,0,0,0,'','');
INSERT INTO "AbilityConfig" VALUES(177,1,1,66,100,1200,0,0,'','');
INSERT INTO "AbilityConfig" VALUES(178,2,2,10,2,0,12,0,'','');
INSERT INTO "AbilityConfig" VALUES(179,2,2,10,2,0,12,0,'','');
INSERT INTO "AbilityConfig" VALUES(0,2,2,16,130,0,12,0,'','');
INSERT INTO "AbilityConfig" VALUES(180,2,2,10,2,0,4,0,'','');
INSERT INTO "AbilityConfig" VALUES(181,1,1,79,2,2,0,0,'','');
INSERT INTO "AbilityConfig" VALUES(182,1,1,79,4,2,0,0,'','');
INSERT INTO "AbilityConfig" VALUES(183,1,1,83,50,0,0,0,'','IsEnemyBlock() == 0;');
INSERT INTO "AbilityConfig" VALUES(184,1,1,83,60,0,0,0,'','IsEnemyBlock() == 0;');
INSERT INTO "AbilityConfig" VALUES(185,1,1,83,70,0,0,0,'','IsEnemyBlock() == 0;');
INSERT INTO "AbilityConfig" VALUES(186,1,1,47,70,0,0,0,'','');
INSERT INTO "AbilityConfig" VALUES(0,1,1,83,50,0,0,0,'','IsEnemyBlock() == 1;');
INSERT INTO "AbilityConfig" VALUES(187,1,1,47,80,0,0,0,'','');
INSERT INTO "AbilityConfig" VALUES(0,1,1,83,60,0,0,0,'','IsEnemyBlock() == 1;');
INSERT INTO "AbilityConfig" VALUES(188,1,1,47,100,0,0,0,'','');
INSERT INTO "AbilityConfig" VALUES(0,1,1,83,70,0,0,0,'','IsEnemyBlock() == 1;');
INSERT INTO "AbilityConfig" VALUES(189,1,1,83,400,0,0,0,'','GetHPRatio() <= 10;');
INSERT INTO "AbilityConfig" VALUES(0,1,1,83,300,0,0,0,'','GetHPRatio() <= 30;');
INSERT INTO "AbilityConfig" VALUES(0,1,1,83,200,0,0,0,'','GetHPRatio() <= 50;');
INSERT INTO "AbilityConfig" VALUES(205,3,1,72,0,0,0,0,'DoUnitAction_CreateField( "slow" , 30 );','');
INSERT INTO "AbilityConfig" VALUES(190,2,2,82,7,0,0,2,'IsClassType(6);','');
INSERT INTO "AbilityConfig" VALUES(0,2,2,16,120,0,4,0,'','');
INSERT INTO "AbilityConfig" VALUES(191,2,2,82,7,0,0,2,'IsClassType(6);','');
INSERT INTO "AbilityConfig" VALUES(0,2,2,16,120,0,4,0,'','');
INSERT INTO "AbilityConfig" VALUES(0,2,2,13,5,0,104,0,'','');
INSERT INTO "AbilityConfig" VALUES(0,2,2,10,1,0,122,0,'','');
INSERT INTO "AbilityConfig" VALUES(192,1,1,10,1,0,0,0,'','');
INSERT INTO "AbilityConfig" VALUES(0,4,2,10,1,0,119,0,'','');
INSERT INTO "AbilityConfig" VALUES(193,2,2,14,5,2,0,0,'','');
INSERT INTO "AbilityConfig" VALUES(0,2,2,15,5,2,0,0,'','');
INSERT INTO "AbilityConfig" VALUES(194,4,2,70,10,0,0,2,'IsClassType(16,24);','');
INSERT INTO "AbilityConfig" VALUES(0,4,2,71,10,0,0,2,'IsClassType(16,24);','');
INSERT INTO "AbilityConfig" VALUES(195,4,2,70,10,0,0,4,'IsClassType(22,102);','');
INSERT INTO "AbilityConfig" VALUES(196,4,1,18,50,0,0,0,'','');
INSERT INTO "AbilityConfig" VALUES(0,1,1,22,100,0,0,0,'','IsEnemyBlock();');
INSERT INTO "AbilityConfig" VALUES(197,4,1,8,10,200,20,0,'','');
INSERT INTO "AbilityConfig" VALUES(198,1,1,13,110,0,0,0,'','');
INSERT INTO "AbilityConfig" VALUES(0,1,1,14,110,0,0,0,'','');
INSERT INTO "AbilityConfig" VALUES(0,1,1,15,10,0,0,0,'','');
INSERT INTO "AbilityConfig" VALUES(0,1,1,10,-1,0,0,0,'','');
INSERT INTO "AbilityConfig" VALUES(199,2,2,70,10,0,0,5,'IsClassType(20);','');
INSERT INTO "AbilityConfig" VALUES(0,2,2,71,10,0,0,5,'IsClassType(20);','');
INSERT INTO "AbilityConfig" VALUES(0,2,2,76,10,0,0,5,'IsClassType(20);','');
INSERT INTO "AbilityConfig" VALUES(0,2,2,69,1,0,0,5,'IsClassType(20);','');
INSERT INTO "AbilityConfig" VALUES(200,1,1,83,50,0,0,0,'','GetHP() <= 0;');
INSERT INTO "AbilityConfig" VALUES(0,3,1,72,0,0,0,0,'DoUnit_RegistCommand("OnDead","DoUnitAction_Revenge(100,"EFFECT_HIT_EFFECT_DEATH_GOD",137,0x98001b);");','');
INSERT INTO "AbilityConfig" VALUES(0,4,2,51,100,0,5,0,'IsCardID(326) && IsMoreClassChange(2);','');
INSERT INTO "AbilityConfig" VALUES(201,4,2,70,15,0,0,6,'IsClassType(23,29,116) || IsCardID(105);','');
INSERT INTO "AbilityConfig" VALUES(202,1,1,21,30,0,0,0,'','');
INSERT INTO "AbilityConfig" VALUES(203,4,2,81,5,0,0,1,'IsClassType(38);','');
INSERT INTO "AbilityConfig" VALUES(204,4,2,81,3,0,0,2,'IsClassType(19,104);','');
INSERT INTO "AbilityConfig" VALUES(206,4,2,70,10,0,0,7,'GetClassID() < 10000;','');
INSERT INTO "AbilityConfig" VALUES(0,4,2,71,10,0,0,7,'GetClassID() < 10000;','');
INSERT INTO "AbilityConfig" VALUES(0,4,2,69,5,0,0,2,'GetClassID() < 10000;','');
INSERT INTO "AbilityConfig" VALUES(207,2,2,70,5,0,2,8,'IsClassType(24);','');
INSERT INTO "AbilityConfig" VALUES(0,2,2,71,5,0,2,8,'IsClassType(24);','');
INSERT INTO "AbilityConfig" VALUES(0,2,2,82,5,0,2,3,'IsClassType(24);','');
INSERT INTO "AbilityConfig" VALUES(208,1,1,67,10,6,0,0,'','');
INSERT INTO "AbilityConfig" VALUES(0,1,1,34,100,0,0,0,'','');
INSERT INTO "AbilityConfig" VALUES(209,1,1,64,4,0,0,0,'','');
INSERT INTO "AbilityConfig" VALUES(210,1,1,64,4,0,0,0,'','');
INSERT INTO "AbilityConfig" VALUES(0,1,1,3,120,100,0,0,'','');
INSERT INTO "AbilityConfig" VALUES(211,2,2,70,7,0,0,9,'IsClassType(106);','');
INSERT INTO "AbilityConfig" VALUES(212,2,2,82,10,0,0,1,'IsClassID(500, 510, 520, 530, 540, 550, 710, 730, 900, 9900, 9920);','');
INSERT INTO "AbilityConfig" VALUES(0,4,2,81,5,0,0,7,'IsClassID(900, 9900, 9920);','');
INSERT INTO "AbilityConfig" VALUES(213,2,2,82,10,0,0,1,'IsClassID(500, 510, 520, 530, 540, 550, 710, 730, 900, 9900, 9920);','');
INSERT INTO "AbilityConfig" VALUES(0,2,2,70,10,0,0,10,'IsClassID(500, 510, 520, 530, 540, 550, 710, 730, 900, 9900, 9920);','');
INSERT INTO "AbilityConfig" VALUES(0,2,2,71,10,0,0,10,'IsClassID(500, 510, 520, 530, 540, 550, 710, 730, 900, 9900, 9920);','');
INSERT INTO "AbilityConfig" VALUES(0,4,2,81,9,0,0,7,'IsClassID(900, 9900, 9920);','');
INSERT INTO "AbilityConfig" VALUES(214,1,1,5,120,100,0,0,'','');
INSERT INTO "AbilityConfig" VALUES(215,1,1,5,130,100,0,0,'','');
INSERT INTO "AbilityConfig" VALUES(216,2,2,71,7,0,0,11,'IsCardID(286,287,305,311,312,348,371);','');
INSERT INTO "AbilityConfig" VALUES(0,4,2,19,5,0,0,0,'','');
INSERT INTO "AbilityConfig" VALUES(0,4,2,39,3,0,0,0,'','');
INSERT INTO "AbilityConfig" VALUES(217,2,2,34,100,0,0,0,'IsClassType(17);','');
INSERT INTO "AbilityConfig" VALUES(0,2,2,70,5,0,0,11,'IsClassType(17);','');
INSERT INTO "AbilityConfig" VALUES(218,1,2,88,30,0,0,0,'','');
INSERT INTO "AbilityConfig" VALUES(0,1,1,24,20,0,0,0,'','');
INSERT INTO "AbilityConfig" VALUES(219,4,2,70,10,0,0,12,'IsClassType(111);','');
INSERT INTO "AbilityConfig" VALUES(220,3,1,72,0,0,0,0,'DoUnitAction_CreateField( "slow" , 40 );','');
INSERT INTO "AbilityConfig" VALUES(0,1,1,10,1,0,0,0,'','');
INSERT INTO "AbilityConfig" VALUES(221,3,1,72,0,0,0,0,'DoUnitAction_CreateField( "slow" , 50 );','');
INSERT INTO "AbilityConfig" VALUES(222,1,1,86,0,0,0,0,'IsToken() == 0;','');
INSERT INTO "AbilityConfig" VALUES(223,4,2,70,13,0,0,7,'GetClassID() < 10000;','');
INSERT INTO "AbilityConfig" VALUES(0,4,2,71,13,0,0,7,'GetClassID() < 10000;','');
INSERT INTO "AbilityConfig" VALUES(0,4,2,69,5,0,0,2,'GetClassID() < 10000;','');
INSERT INTO "AbilityConfig" VALUES(224,1,1,14,60,0,0,0,'','');
INSERT INTO "AbilityConfig" VALUES(225,4,2,70,10,0,0,13,'IsClassType(104,113,128);','');
INSERT INTO "AbilityConfig" VALUES(226,1,1,1,150,100,0,0,'IsEnemyRace(2);','');
INSERT INTO "AbilityConfig" VALUES(0,1,1,25,0,0,0,0,'IsEnemyRace(2);','');
INSERT INTO "AbilityConfig" VALUES(227,1,1,23,10,0,0,0,'','');
INSERT INTO "AbilityConfig" VALUES(228,4,2,71,50,0,0,8,'IsClassType(31);','');
INSERT INTO "AbilityConfig" VALUES(0,4,2,81,1,0,0,3,'IsClassType(31);','');
INSERT INTO "AbilityConfig" VALUES(229,4,2,71,100,0,0,8,'IsClassType(31);','');
INSERT INTO "AbilityConfig" VALUES(0,4,2,81,2,0,0,3,'IsClassType(31);','');
INSERT INTO "AbilityConfig" VALUES(230,4,2,51,100,0,3,0,'','');
INSERT INTO "AbilityConfig" VALUES(231,4,2,51,100,0,3,0,'','');
INSERT INTO "AbilityConfig" VALUES(0,2,2,82,15,0,0,4,'IsClassType(3);','');
INSERT INTO "AbilityConfig" VALUES(232,1,1,1,150,100,0,0,'IsEnemyRace(3);','');
INSERT INTO "AbilityConfig" VALUES(0,1,1,25,0,0,0,0,'IsEnemyRace(3);','');
INSERT INTO "AbilityConfig" VALUES(233,2,2,70,5,0,0,14,'IsClassType(18);','');
INSERT INTO "AbilityConfig" VALUES(234,1,1,10,-4,0,0,0,'','');
INSERT INTO "AbilityConfig" VALUES(0,1,1,13,115,0,0,0,'','');
INSERT INTO "AbilityConfig" VALUES(0,1,1,21,40,0,0,0,'','');
INSERT INTO "AbilityConfig" VALUES(235,1,1,1,130,100,0,0,'IsEnemyRace(6);','');
INSERT INTO "AbilityConfig" VALUES(0,4,2,51,100,0,40,0,'','');
INSERT INTO "AbilityConfig" VALUES(236,3,1,72,0,0,0,0,'DoUnitAction_CreateField( "slow" , 40 );','');
INSERT INTO "AbilityConfig" VALUES(0,2,2,81,1,0,0,4,'IsClassType(103,117);','');
INSERT INTO "AbilityConfig" VALUES(237,4,2,70,10,0,0,15,'IsClassType(19,104);','');
INSERT INTO "AbilityConfig" VALUES(238,2,2,71,5,0,0,12,'GetGender() == 0;','');
INSERT INTO "AbilityConfig" VALUES(0,2,2,76,5,0,0,6,'GetGender() == 0;','');
INSERT INTO "AbilityConfig" VALUES(239,1,1,1,130,100,0,0,'IsEnemyRace(7);','');
INSERT INTO "AbilityConfig" VALUES(240,1,1,1,150,100,0,0,'IsEnemyRace(7);','');
INSERT INTO "AbilityConfig" VALUES(241,1,1,15,20,0,0,0,'','');
INSERT INTO "AbilityConfig" VALUES(242,1,1,1,150,100,0,0,'IsEnemyRace(8);','');
INSERT INTO "AbilityConfig" VALUES(0,1,1,25,0,0,0,0,'IsEnemyRace(8);','');
INSERT INTO "AbilityConfig" VALUES(243,4,2,70,10,0,0,16,'IsClassType(3,26,118,121);','');
INSERT INTO "AbilityConfig" VALUES(244,1,1,10,-2,0,0,0,'','');
INSERT INTO "AbilityConfig" VALUES(0,1,1,13,115,0,0,0,'','');
INSERT INTO "AbilityConfig" VALUES(0,1,1,21,20,0,0,0,'','');
INSERT INTO "AbilityConfig" VALUES(245,1,1,1,150,100,0,0,'IsEnemyRace(9);','');
INSERT INTO "AbilityConfig" VALUES(246,2,2,62,70,1,6,2,'','');
INSERT INTO "AbilityConfig" VALUES(0,2,2,82,5,0,0,5,'IsRaryty(2);','');
INSERT INTO "AbilityConfig" VALUES(247,2,2,70,5,0,0,17,'IsClassType(3,11,25,32);','');
INSERT INTO "AbilityConfig" VALUES(0,2,2,71,5,0,0,13,'IsClassType(3,11,25,32);','');
INSERT INTO "AbilityConfig" VALUES(248,1,1,1,120,100,0,0,'IsEnemyRace(3) || IsEnemyRace(4);','');
INSERT INTO "AbilityConfig" VALUES(249,4,2,51,100,0,17,0,'','');
INSERT INTO "AbilityConfig" VALUES(0,2,2,81,1,0,0,5,'IsClassType(17);','');
INSERT INTO "AbilityConfig" VALUES(250,1,1,15,30,0,0,0,'','');
INSERT INTO "AbilityConfig" VALUES(251,1,1,1,150,100,0,0,'IsEnemyRace(6);','');
INSERT INTO "AbilityConfig" VALUES(0,4,2,51,100,0,40,0,'','');
CREATE TABLE android_metadata ( locale text deafult 'en_US' );
COMMIT;
